resid,degree,strength,betweenness,closeness,eigenvector,pagerank,k_core,resname,region,is_glycosylated
0,0,-3.4385390000000005,0.00289014,-0.08583406,0.0,-0.0002228000000000001,0,,other,False
1,-1,-1.7375420000000004,-0.00289014,-0.08264862999999999,0.0,9.780000000000032e-06,0,MET,other,False
2,0,2.2392020000000006,0.0,-0.05753112000000002,0.0,0.0005866,0,ALA,other,False
3,-1,-1.0232550000000007,-1.6830000000000664e-05,-0.09788660000000002,0.0,0.00031532,-1,PRO,other,False
4,-2,-2.1162790000000005,-2.945e-05,-0.06131283000000001,0.0,-7.80100000000001e-05,-1,TRP,other,False
5,-2,-10.943522,0.0,-0.08346422,0.0,-0.00120467,-1,PRO,other,False
6,0,-0.7308970000000006,0.011507960000000001,-0.05928407000000002,0.0,-4.728999999999996e-05,-1,GLU,other,False
7,1,0.19601299999999977,8.834e-05,-0.07021260000000001,0.0,1.8129999999999882e-05,-1,LEU,other,False
8,1,2.0730900000000005,7.572e-05,-0.07124839999999999,0.0,0.0001689599999999999,-1,GLY,other,False
9,1,-2.67774,-8.409999999999928e-06,-0.08198388000000001,0.0,-0.00044146000000000007,1,ASP,other,False
10,2,5.458471999999999,-0.008136130000000002,-0.08096196,0.0,0.00041478999999999995,1,ALA,other,False
11,-1,-2.2691029999999994,-0.00861151,-0.09284984000000002,0.0,-0.00047996,1,GLN,other,False
12,4,16.923588000000002,0.00249469,-0.08422721999999999,0.0,0.0011119200000000002,1,PRO,other,False
13,2,11.594684,0.00010097,-0.10679914000000001,0.0,0.0007029300000000003,1,ASN,other,False
14,-3,-2.568106,-0.03372668,-0.10502687999999999,0.0,-0.0004183400000000001,-1,PRO,other,False
15,-5,-4.368770999999999,0.00278076,-0.12822892,-1e-08,-0.0006075499999999999,-1,ASP,other,False
16,-4,3.209302000000001,0.0006773100000000004,-0.11047509,-1e-08,4.292000000000011e-05,0,LYS,other,False
17,-5,7.039867000000001,0.0027176599999999998,-0.16084105,-3e-08,0.00021798,0,TYR,other,False
18,1,0.9335550000000001,2.524e-05,-0.10550669999999998,0.0,-2.759000000000008e-05,0,LEU,other,False
19,3,4.810632,1.262e-05,-0.14420970000000002,0.0,0.00029187000000000006,0,GLU,other,False
20,-1,6.259136000000002,-2.1030000000000007e-05,-0.11018771,0.0,0.0004017399999999998,0,GLY,other,False
21,-3,-4.435215999999999,-0.06854715,-0.11874227999999998,-1e-08,-0.0004949000000000002,0,ALA,other,False
22,-1,3.0299000000000014,-0.04833302,-0.07124211999999999,0.0,0.00020509999999999994,0,ALA,other,False
23,1,0.3156150000000011,3.7869999999999995e-05,-0.08598979000000001,0.0,6.497999999999986e-05,0,GLY,other,False
24,-3,1.019933,-0.017685789999999993,-0.07377918,0.0,8.421999999999987e-05,0,GLN,other,False
25,-2,-6.950166,0.06712101000000001,-0.08301275999999999,0.0,-0.0005641999999999999,-1,GLN,other,False
26,-1,-1.9833879999999997,-4.21e-06,-0.07789890999999999,0.0,-4.66100000000001e-05,-1,PRO,other,False
27,-3,-6.843854,0.07516038,-0.06423298999999999,0.0,-0.00048401,-1,THR,other,False
28,-2,-4.508305999999999,0.0778528,-0.07596387999999998,0.0,-0.00024362000000000016,-1,ALA,other,False
29,-4,-8.401994000000002,0.08046948999999999,-0.04303825999999997,0.0,-0.00063393,-1,PRO,other,False
30,-6,-2.4551500000000015,0.06779832,-0.04854382999999998,0.0,-6.701999999999988e-05,-1,ASP,other,False
31,2,2.315614000000002,0.08576597,-0.019852950000000008,0.0,0.00034844,0,LYS,other,False
32,-1,1.8139530000000015,0.00075724,-0.030122769999999993,0.0,0.0003237699999999999,0,SER,other,False
33,1,3.976744,-0.0026251,-7.780999999998373e-05,0.0,0.00041288999999999996,0,LYS,other,False
34,-1,-5.960133000000001,0.0,-0.013007939999999996,0.0,-0.00045684999999999996,0,GLU,other,False
35,5,5.727575,0.02397089,0.062337229999999993,1e-07,0.00057173,0,THR,other,False
36,0,-6.810631000000001,0.07169391,0.00032639000000000973,2e-08,-0.00059256,0,ASN,other,False
37,4,0.2757480000000001,0.01946951,0.02320570999999999,3e-08,-7.399999999999421e-07,0,LYS,other,False
38,-1,10.428571999999999,-0.0059191,0.030279400000000012,0.0,0.00088776,-1,THR,other,False
39,-3,-1.770764999999999,-3.786e-05,0.02301786,0.0,-0.00020571,-1,ASP,other,False
40,-4,-0.42525000000000013,0.0,0.008208939999999998,0.0,-0.00014944000000000003,-1,ASN,other,False
41,0,8.488373,0.00204875,0.013707369999999997,1e-08,0.0007517399999999999,-1,THR,other,False
42,1,2.232558000000001,4.21e-06,0.01000578000000002,0.0,0.00019255999999999993,0,GLU,other,False
43,-3,-1.4418600000000001,-0.0029195799999999997,0.002521479999999965,1e-08,-0.00014379999999999992,-1,ALA,other,False
44,-3,-3.4152829999999987,-0.02706296,0.01308931000000002,7e-08,-0.00031461999999999983,-1,PRO,other,False
45,-8,-7.774086999999998,-0.01033634,0.04100157999999998,1e-07,-0.00069363,-1,VAL,other,False
46,-4,-4.847176000000001,0.02105972,0.05219688,1e-06,-0.0004055399999999998,-1,THR,other,False
47,0,1.511628,0.06795818,0.0698889,1.05e-06,0.0002175199999999999,-1,LYS,other,False
48,-3,-2.5415279999999996,-0.0026419300000000002,0.09127337000000002,3.57e-06,-0.000227,-1,ILE,other,False
49,0,2.8006649999999986,-6.731e-05,0.08134659000000002,6e-07,0.00030378999999999996,-1,GLU,other,False
50,2,1.873754,0.00263772,0.057648720000000014,2.73e-06,0.00023802000000000003,-1,LEU,other,False
51,-1,-1.382059,0.02172862,0.09202305,6.26e-06,-0.00012410000000000003,-1,LEU,other,False
52,-7,-7.129568,-0.02438316,0.04499756999999999,2.37e-06,-0.00066469,-1,PRO,other,False
53,2,-7.106311999999999,0.14435119,0.10444548999999997,8.901e-05,-0.0007824399999999999,-1,SER,other,False
54,1,-0.42857200000000084,0.02325993,0.06524449999999998,1.076e-05,-0.00011455999999999988,0,TYR,other,False
55,1,2.920266,0.00019773,0.07642988,2.941e-05,8.158999999999987e-05,0,SER,other,False
56,-1,-2.2093030000000002,-0.0028648999999999997,0.08004731000000004,1.004e-05,-0.00045667000000000006,0,THR,other,False
57,2,1.873755000000001,0.00413538,0.07059141000000002,0.00021405,-0.00012202000000000003,0,ALA,other,False
58,5,8.026578,0.06062557,0.11766346,8.826e-05,0.00017887000000000003,0,THR,other,False
59,-2,-1.980067,-0.00873352,0.08848905999999995,3.645e-05,-0.000592,0,LEU,other,False
60,2,7.847175999999999,-0.01089166,0.11471806000000001,0.00020563,-1.253000000000018e-05,0,ILE,other,False
61,3,17.299003,-0.01166151,0.13828469999999993,0.00044141,0.0003895000000000001,1,ASP,other,False
62,6,18.079734000000002,0.02897288,0.14207506999999997,0.0021873400000000003,0.00040137000000000007,1,GLU,other,False
63,2,12.800664999999999,-0.0043289,0.12991228,0.00146018,6.221000000000004e-05,1,PRO,other,False
64,-1,10.388703999999999,-0.15593067,0.01046437,0.00018758000000000002,0.00023749000000000003,1,THR,other,False
65,7,19.644517999999998,-0.02315896,0.007539799999999985,0.0007112500000000001,0.00082618,1,GLU,other,False
66,0,-0.5714290000000002,-0.02903178,-0.026554430000000018,-0.0010417599999999999,-0.00022734000000000003,1,VAL,other,False
67,1,-1.514949999999999,0.008216069999999999,-0.03725311999999992,-0.00253399,-0.0002058600000000001,1,ASP,other,False
68,1,-6.714285999999998,-0.00034075999999999996,-0.041263209999999995,-0.01723672,-0.00027771,1,ASP,other,False
69,3,9.853819999999999,-0.00935193,-0.03609230000000008,-0.002645599999999998,0.0002224000000000002,1,PRO,other,False
70,1,-4.996677999999999,-0.02869944,-0.059569370000000066,-0.008898459999999999,-0.00018545999999999992,1,TRP,other,False
71,0,-6.039867000000001,0.09516417,-0.06678724000000003,-0.007387239999999999,-8.135999999999994e-05,0,ASN,other,False
72,1,-3.0066439999999997,-0.00181317,-0.10355362000000001,-0.010580230000000001,4.253000000000004e-05,1,LEU,other,False
73,2,3.594684000000001,0.01262489,0.017946219999999957,-0.00028137,0.00022921999999999992,1,PRO,other,False
74,-1,-4.003321999999999,0.048194190000000005,-0.03227701999999999,-0.0021925499999999997,-0.00010884000000000002,0,THR,other,False
75,1,-0.637874,0.0475926,-0.0015674999999999994,-2.681999999999999e-05,-4.346000000000005e-05,1,LEU,other,False
76,3,0.18272400000000033,0.02186955,-0.03479858999999996,3.4330000000000005e-05,4.245000000000008e-05,0,GLN,other,False
77,-1,-5.066444999999999,-0.01490293,-0.04664704999999997,-5.839e-05,-0.00026577999999999997,-1,ASP,other,False
78,-1,0.8438539999999985,-0.02615426,-0.013662899999999978,-2.6629999999999997e-05,0.00011115000000000007,-1,SER,other,False
79,-1,-4.817274999999999,-0.00239162,-0.029992010000000013,-0.00019971,-0.00021334000000000001,-1,GLY,other,False
80,1,-0.15282399999999896,0.028112569999999996,-0.022401420000000005,-0.00012542,0.00013641999999999994,-1,ILE,other,False
81,0,-2.8073090000000036,-0.005401660000000001,-0.02298578000000001,-0.0009631499999999999,2.1600000000001826e-06,-1,LYS,other,False
82,0,-0.9767440000000001,0.0018804800000000003,-0.020649970000000017,-0.00012985,1.090000000000032e-06,0,TRP,other,False
83,0,0.4318939999999998,0.0043204800000000015,-0.02124440999999999,-0.00015465999999999999,5.5489999999999945e-05,-1,SER,other,False
84,0,-5.009965999999999,0.0,-0.02937635999999999,-0.0007687799999999999,-5.43700000000002e-05,-1,GLU,other,False
85,0,-0.44185999999999837,2.52500000000001e-05,-0.019399070000000018,-0.00025877999999999996,9.780000000000032e-06,-1,ARG,other,False
86,0,2.2259129999999985,0.0,-0.016261970000000014,-0.00033391000000000003,0.00010660999999999993,-1,ASP,other,False
87,0,-0.019932000000000727,4.210000000000002e-06,-0.03125513000000002,-0.00040608,3.240000000000014e-05,-1,THR,other,False
88,0,0.06976800000000338,-2.1029999999999993e-05,-0.032067590000000035,-0.00044678999999999997,5.057e-05,-1,LYS,other,False
89,0,1.0597989999999982,0.001909929999999999,-0.022934430000000006,-0.00111139,0.00015450000000000012,-1,GLY,other,False
90,0,-5.747508000000003,0.0019646200000000003,-0.018372820000000012,-0.00077121,-0.00012659,-1,LYS,other,False
91,0,-2.3654480000000007,3.786000000000001e-05,-0.03597559999999994,-0.0009095100000000001,-1.7070000000000106e-05,-1,ILE,other,False
92,0,-2.305648000000005,-0.00189731,-0.026584680000000027,-0.00103054,-1.385999999999987e-05,-1,LEU,other,False
93,0,0.2524920000000037,-0.0076691699999999995,-0.01660872999999996,-0.00098584,5.246999999999999e-05,-1,CYS,other,False
94,0,-5.700997000000001,-0.0015817899999999998,-0.015393739999999934,-0.00094789,-0.00014167,-1,PHE,other,False
95,0,-2.774085999999997,-0.00013461999999999998,-0.02652730999999997,-0.0017085,-5.097999999999995e-05,-1,PHE,other,False
96,0,1.903654999999997,0.00190152,-0.02155592000000006,-0.00104273,7.707000000000005e-05,-1,GLN,other,False
97,0,0.5747499999999945,0.00212448,-0.014838139999999944,-0.0015115900000000002,3.953000000000008e-05,-1,GLY,other,False
98,0,-0.8338870000000043,0.003483309999999999,-0.03080971999999993,-0.0019087099999999999,-9.469999999999921e-06,-1,ILE,other,False
99,0,1.9734229999999968,0.00416062,-0.028251140000000063,-0.0029331500000000003,7.813999999999998e-05,-1,GLY,other,False
100,0,2.691029999999998,-0.00086662,-0.01591036999999995,-0.0024692800000000003,9.092999999999992e-05,-1,ARG,other,False
101,0,2.242523999999996,-0.00148504,-0.0036247600000000046,-0.0020380999999999997,7.533000000000019e-05,-1,LEU,other,False
102,0,-0.28239200000000153,-0.0014135200000000001,-0.024429800000000057,-0.005664349999999999,2.1080000000000144e-05,-1,ILE,other,False
103,1,-0.5382069999999999,0.0017858200000000005,-0.022358039999999968,-0.0054747400000000005,-1.5199999999998635e-06,1,LEU,other,False
104,0,1.5913619999999966,-0.00022086000000000002,-0.016973919999999976,-0.0035999100000000004,5.20500000000001e-05,-1,LEU,other,False
105,0,-1.6411969999999982,0.00136724,-0.023450300000000035,-0.006129680000000001,-2.5779999999999987e-05,-1,LEU,other,False
106,0,-12.26578,0.0007383099999999998,-0.027108200000000027,-0.010475600000000002,-0.0003148599999999999,1,GLY,other,False
107,0,2.0398659999999964,-0.02088303,-0.026288610000000046,-0.005824070000000001,6.370000000000008e-05,1,PHE,other,False
108,0,-7.853822000000001,-0.021429919999999998,-0.02759429999999996,-0.008985039999999998,-0.00023596999999999984,1,LEU,other,False
109,0,-10.196013999999998,-0.08245514999999999,-0.022790459999999957,-0.009228970000000001,-0.00026669,1,TYR,other,False
110,0,4.740862999999997,-0.08769483,-0.03215060999999997,-0.008809169999999998,0.0001271899999999999,1,PHE,other,False
111,0,-1.3953500000000005,-0.00505248,-0.02856558999999992,-0.0071273,-4.209000000000005e-05,1,PHE,other,False
112,0,-1.6279070000000004,-0.00093814,-0.027082750000000044,-0.008053110000000002,-6.271000000000011e-05,1,VAL,other,False
113,1,-3.7541539999999998,0.00414379,-0.03002207999999995,-0.0082899,-0.00011289999999999998,1,CYS,other,False
114,-1,1.6179389999999998,-0.006081059999999999,-0.03097938999999994,-0.004980620000000002,2.639999999999999e-05,1,SER,other,False
115,1,8.106313,-0.00441724,-0.03341919000000004,-0.00332381,0.00019974999999999984,1,LEU,other,False
116,0,2.2192679999999996,-0.08060201,-0.0267636,-0.005099340000000001,3.7279999999999995e-05,1,ASP,other,False
117,0,-1.7109629999999996,0.035220129999999995,-0.05019223000000006,-0.00639578,-6.159999999999998e-05,1,ILE,other,False
118,-1,-1.8637859999999975,-0.015615990000000001,-0.04160741000000001,-0.003117019999999998,-7.90099999999998e-05,1,LEU,other,False
119,1,2.591360999999999,0.00291959,-0.027190929999999947,-0.00198396,3.7719999999999984e-05,1,SER,other,False
120,1,0.16279099999999858,0.0164111,-0.036673990000000045,-0.0026742899999999993,-1.0580000000000051e-05,1,SER,other,False
121,1,2.0664450000000016,0.03528322,-0.033098249999999996,-0.0009289899999999976,4.7179999999999965e-05,1,ALA,other,False
122,2,5.780731000000003,0.01211375,-0.03277461999999998,0.0003197099999999991,0.00016620000000000003,1,PHE,other,False
123,3,-6.627907999999998,0.01118824,-0.033253079999999935,-0.0026498500000000005,-0.00022824,1,GLN,other,False
124,3,14.671097000000003,-0.00145559,-0.024991509999999995,-0.00019371999999999966,0.00051274,1,LEU,other,False
125,4,12.109634999999997,0.0007866899999999998,-0.023960839999999983,0.00018889999999999966,0.00046499,1,VAL,other,False
126,5,13.930233,0.0034433399999999996,0.028769679999999964,0.0018070399999999998,0.00043555000000000004,1,GLY,other,False
127,0,-6.003322999999998,-0.01323699,0.031768140000000056,0.0015934599999999999,-0.00031793999999999985,1,GLY,other,False
128,1,23.23588,-0.01666772,0.03741694999999995,0.00198558,0.0008792699999999999,1,LYS,other,False
129,1,2.4019939999999984,0.07207253,-0.08457832999999998,-0.00035966999999999987,0.00017863000000000015,1,MET,other,False
130,-1,-12.295680999999998,0.00198986,-0.07983269000000004,-0.0007384199999999998,-0.0004248600000000001,1,ALA,other,False
131,-1,-5.996677999999999,-0.00124945,-0.021945740000000047,-0.00010519000000000001,-0.00022825999999999988,1,GLY,other,False
132,-2,-17.930233,-0.07478808,-0.10803142000000004,-0.0017564199999999999,-0.0005939200000000002,1,GLN,other,False
133,3,-14.475082,-0.04889885,-0.08432144000000008,-0.0029497100000000004,-0.0003792000000000001,1,PHE,other,False
134,4,1.1661130000000028,-0.00481689,-0.09520557000000002,-0.00012348999999999997,0.00015320999999999998,1,PHE,other,False
135,4,-12.504983,0.10087924,-0.09711850999999999,-0.00062772,-0.00038633000000000005,1,SER,other,False
136,2,-6.003323,-0.0007866899999999996,-0.08246631999999998,0.00026942000000000003,-0.00021580000000000004,1,ASN,other,False
137,1,-7.259136000000002,8.413999999999999e-05,-0.08321100000000003,-0.00035720999999999995,-0.0001746199999999999,1,SER,other,False
138,4,0.3953489999999995,0.056803610000000004,-0.08291862,-0.00152961,0.00013206000000000003,1,SER,other,False
139,1,-2.5348830000000007,-0.011781410000000006,-0.07293852,0.00108996,-5.7039999999999955e-05,1,ILE,other,False
140,2,-7.056478000000002,0.00235165,-0.06223113000000002,-0.0002619,-0.00022481999999999992,1,MET,other,False
141,0,-5.398670000000003,0.0588187,-0.05171571999999991,-0.0007871800000000002,-0.00017350000000000004,1,SER,other,False
142,-1,-1.8737539999999981,0.0006163100000000019,-0.04011332000000001,0.0008664399999999996,-4.466999999999991e-05,1,ASN,other,False
143,0,-3.249169000000002,0.036888159999999996,-0.04537948999999997,-0.0007080799999999998,-8.900999999999983e-05,1,PRO,other,False
144,1,-2.7009960000000035,0.01806651,-0.04158020000000007,-8.060000000000012e-05,-8.043999999999998e-05,1,LEU,other,False
145,0,1.0664450000000016,0.0018342,-0.03594577999999993,0.0037733099999999985,4.177999999999994e-05,1,LEU,other,False
146,0,-2.956811000000002,-0.03067247,-0.04513021000000006,0.00281468,-8.120999999999996e-05,1,GLY,other,False
147,0,1.4385389999999987,-0.00308155,-0.04097713999999997,0.0011741000000000008,4.885000000000002e-05,1,LEU,other,False
148,-1,-1.0797349999999994,0.01077386,-0.03145471,0.0007486699999999999,-3.7779999999999845e-05,1,VAL,other,False
149,-1,-0.21262399999999815,0.009924069999999997,-0.03523746999999999,0.0054581299999999985,-1.5159999999999956e-05,1,ILE,other,False
150,0,-0.362127000000001,0.019955409999999993,-0.03717904000000005,0.0038364400000000035,-2.3149999999999993e-05,1,GLY,other,False
151,1,0.9800660000000008,0.00560358,-0.023351809999999973,0.002100919999999999,1.4870000000000161e-05,1,VAL,other,False
152,0,-4.514949999999999,0.0042742100000000005,-0.04443140000000001,-0.000858939999999999,-0.00014068000000000002,1,LEU,other,False
153,0,6.744184999999987,-0.007105439999999999,-0.03682752,0.012492790000000004,0.0001451899999999999,1,VAL,other,False
154,0,2.076412000000005,-0.0133569,-0.01633309999999999,0.0027659200000000016,3.081999999999998e-05,1,THR,other,False
155,0,-0.9136210000000027,-0.00715173,-0.02106591999999996,0.0008104400000000008,-4.2849999999999984e-05,0,VAL,other,False
156,0,-2.5182740000000052,-0.004699100000000001,-0.02976274000000001,0.0021561900000000023,-9.099999999999994e-05,1,LEU,other,False
157,-1,8.617939999999997,-0.1383164,-0.013033349999999944,0.0027635700000000034,0.00020819000000000002,1,VAL,other,False
158,1,7.2823920000000015,0.0017038,-0.02502609,0.010897030000000002,0.00015247000000000004,1,GLN,other,False
159,2,3.5448510000000013,0.0094571,-0.05288681999999989,0.010020279999999993,6.977999999999997e-05,1,SER,other,False
160,0,9.299003999999996,0.0741928,-0.019355630000000068,0.031176460000000003,0.00018826999999999993,1,SER,other,False
161,-2,-0.06312400000000196,-0.13444185,-0.031891420000000004,0.013279060000000002,-5.129000000000006e-05,1,SER,other,False
162,-1,2.8504980000000018,-0.0033486900000000005,-0.04152394000000004,0.01793678,2.647000000000001e-05,1,THR,other,False
163,-1,0.07973399999999486,0.002597750000000003,-0.05161141999999996,0.02042091,-3.432000000000001e-05,1,SER,other,False
164,1,8.843853000000003,0.011566860000000002,-0.02515769999999995,0.02059552,0.00019957999999999998,1,THR,other,False
165,0,4.1129570000000015,0.0006983400000000004,-0.0486413,0.012915099999999999,8.595e-05,1,SER,other,False
166,0,2.860464999999998,-0.008386439999999998,-0.04831661999999992,0.012644080000000002,7.002000000000006e-05,1,ILE,other,False
167,1,8.093023000000002,0.07170653,-0.032889040000000036,0.01837934,0.00019903,1,VAL,other,False
168,0,-2.3355469999999983,0.0217202,-0.04547181999999994,0.004143680000000004,-7.309999999999999e-05,1,VAL,other,False
169,2,-4.215946000000002,0.05042805,-0.04009726999999996,0.0050288,-0.00010752000000000005,1,SER,other,False
170,0,1.4186029999999974,-0.006813059999999999,-0.03487764999999998,0.007804439999999999,8.180000000000015e-05,1,MET,other,False
171,0,-1.1860460000000046,-0.00471172,-0.04110482999999998,0.00473664,-5.451000000000002e-05,1,VAL,other,False
172,1,-1.9933559999999986,0.00757662,-0.036755329999999975,0.0006183999999999981,-3.644e-05,1,SER,other,False
173,0,-6.843854,-0.00044172999999999955,-0.04389025000000002,0.00015505000000000033,-0.00018228000000000005,1,SER,other,False
174,0,-4.687707,0.0015334099999999998,-0.03576487000000006,0.0005487600000000006,-0.00013699000000000003,1,SER,other,False
175,1,-10.265781,0.0010349,-0.05076809000000004,-0.002763,-0.00024207999999999999,1,LEU,other,False
176,-3,-6.923586999999998,-0.008039379999999999,-0.06488956000000001,0.0010140699999999989,-0.00020399000000000003,1,LEU,other,False
177,1,-0.2757480000000001,-0.0008539999999999997,-0.04367091000000001,0.010628370000000002,-1.335000000000008e-05,1,THR,other,False
178,0,0.14285800000000037,0.005696129999999999,-0.041096350000000004,0.005114260000000001,1.460000000000003e-06,1,VAL,other,False
179,1,-0.3322250000000011,-0.004890509999999999,-0.06389966000000002,0.002024380000000001,4.940000000000001e-05,1,ARG,other,False
180,0,0.5083060000000046,0.0006226199999999991,-0.05358697000000001,0.008898420000000004,2.244000000000009e-05,1,ALA,other,False
181,0,5.943521000000004,0.006655299999999999,-0.052741580000000066,0.02027591,0.00015700999999999996,1,ALA,other,False
182,1,-0.04318900000000525,0.02949454,-0.046048579999999895,0.010630170000000001,-3.009999999999905e-06,1,ILE,other,False
183,0,3.255814000000001,-0.012812089999999998,-0.03500789999999998,0.012475,9.336000000000001e-05,1,PRO,other,False
184,0,-2.016612000000002,0.00526073,-0.06286685999999997,0.021059660000000008,-7.295000000000001e-05,1,ILE,other,False
185,0,2.501662000000003,-0.02531078,-0.026684760000000085,0.024913179999999993,4.2370000000000125e-05,1,ILE,other,False
186,0,-0.767440999999998,-0.00360951,-0.04630504000000002,0.014175049999999995,-3.25499999999999e-05,1,MET,other,False
187,1,3.3654490000000052,0.010018720000000002,-0.05338328000000003,0.016709130000000003,5.795000000000019e-05,1,GLY,other,False
188,2,4.980067000000005,0.01692854,-0.028930379999999922,0.07263671000000002,6.192000000000003e-05,1,ALA,other,False
189,0,-2.3222590000000025,-0.03251088,-0.04502090000000003,0.0067642800000000045,-7.983999999999986e-05,1,ASN,other,False
190,1,-3.2458470000000013,-0.00103069,-0.04219137000000006,-0.004799680000000001,-9.827000000000013e-05,1,ILE,other,False
191,1,-7.2425250000000005,0.00477903,-0.06650942000000004,-0.03537312000000001,-0.0001771399999999999,1,GLY,other,False
192,-2,2.7840520000000026,-0.04582992,-0.052809070000000014,-0.03827475999999999,6.904000000000003e-05,1,THR,other,False
193,-1,10.0,0.0014892399999999993,-0.02414784999999997,-0.006950900000000003,0.00025131000000000003,1,SER,other,False
194,0,2.7308960000000013,0.00015985999999999998,-0.03685461000000001,-0.02271419,3.5679999999999957e-05,1,ILE,other,False
195,1,2.019933000000009,-0.0005300700000000005,-0.04680660000000003,-0.06809446000000002,3.7670000000000065e-05,1,THR,other,False
196,2,8.000000999999997,-0.13414737,-0.0056625299999999434,-0.006405899999999999,0.00014276000000000002,1,ASN,other,False
197,-1,0.9368770000000026,-0.13240571,-0.03569050000000007,-0.015152559999999999,-4.1200000000000134e-05,0,THR,other,False
198,1,4.774086000000004,-0.01464,-0.024185679999999987,-0.015609629999999996,4.2380000000000065e-05,1,ILE,other,False
199,1,8.990033000000004,-0.01175827,-0.008244220000000024,-0.00590301,0.00016492999999999998,1,VAL,other,False
200,0,-6.348836999999996,-0.0016827600000000002,-0.04221549000000002,-0.009868739999999999,-0.00027713,0,ALA,other,False
201,0,1.1794019999999996,-0.00225069,-0.01287506000000005,-0.0048113900000000005,-9.85000000000005e-06,1,LEU,other,False
202,4,14.156146,-0.00461917,-0.007942259999999979,5.5519999999999875e-05,0.0003727399999999999,1,MET,other,False
203,1,-7.019933000000002,-0.0008918699999999999,-0.03245310000000001,-0.007051770000000001,-0.00024008000000000005,1,GLN,other,False
204,0,-0.13288999999999973,-0.0012494499999999998,-0.030183170000000037,-0.0037917600000000004,-1.1350000000000032e-05,0,VAL,other,False
205,2,2.6212620000000015,0.00148924,-0.04091294000000001,-0.024525440000000003,0.00012849999999999993,1,GLY,other,False
206,2,-0.9601320000000015,0.0035969,-0.04198639999999998,-0.01425619,-3.107999999999995e-05,1,ASP,other,False
207,1,6.514949999999999,0.00020614000000000006,-0.04232910000000001,-0.023554920000000003,0.00016571000000000012,1,ARG,other,False
208,2,-6.504981999999991,-0.00155235,-0.04913205999999992,-0.04530126000000001,-0.00019218000000000013,0,SER,other,False
209,3,10.209302999999998,-0.012174749999999998,-0.023722850000000073,-0.018225699999999997,0.00029608999999999994,0,GLU,other,False
210,3,3.6677739999999943,-0.00793421,-0.047781849999999904,-0.02432767,0.00010798999999999965,0,PHE,other,False
211,-1,2.5116289999999992,0.07702824999999999,-0.04272833000000009,-0.0498589,-1.7500000000000154e-06,1,ARG,other,False
212,1,-2.029899999999998,0.000412280000000001,-0.04000085000000009,-0.032857660000000004,-5.9449999999999954e-05,1,ARG,other,False
213,1,5.501660999999999,0.009663239999999997,-0.025813799999999998,-0.023762119999999998,0.00013604999999999997,1,ALA,other,False
214,3,-1.2790699999999973,0.03302202,-0.034735710000000086,-0.02762692,-5.133000000000004e-05,1,PHE,other,False
215,1,-3.3920260000000013,0.0773648,-0.03203898999999999,-0.027786740000000004,-9.124999999999997e-05,1,ALA,other,False
216,1,-4.308970000000002,-0.00631876,-0.05442186999999998,-0.038616540000000005,-0.00012137999999999993,1,GLY,other,False
217,1,-0.22259300000000337,0.00118214,-0.035799950000000025,-0.025239730000000002,-3.4520000000000124e-05,1,ALA,other,False
218,1,-0.9568099999999973,-0.00072989,-0.02881705000000001,-0.014376189999999997,-4.3559999999999996e-05,1,THR,other,False
219,1,-14.953489000000005,0.08072821000000001,-0.03528461000000005,-0.03094016999999999,-0.0004252400000000001,1,VAL,other,False
220,1,-1.1229230000000001,-0.00075303,-0.027091960000000026,-0.012290109999999993,-5.803000000000015e-05,1,HSD,other,False
221,0,-1.6079720000000037,-0.025342339999999998,-0.031915079999999985,-0.013696569999999991,-6.904000000000003e-05,1,ASP,other,False
222,-1,5.681063000000009,-0.07049284,-0.046700390000000036,0.01496177,0.00012104999999999993,1,PHE,other,False
223,0,7.295681000000002,0.0069897499999999994,-0.029608489999999987,0.03260726,0.00015039999999999997,1,PHE,other,False
224,2,-0.9534880000000001,0.031267750000000004,-0.05003957999999997,0.0040503700000000045,-3.0639999999999964e-05,1,ASN,other,False
225,1,-3.1694359999999975,-0.0013756600000000003,-0.0431332900000001,0.0009635199999999955,-0.00011220999999999996,1,TRP,other,False
226,1,8.182724999999998,-0.0006646899999999999,-0.05113884999999996,0.03051498000000001,0.00018559999999999996,1,LEU,other,False
227,0,0.9568099999999973,-0.02355861,-0.05946818999999992,0.012594889999999997,5.9400000000000685e-06,1,SER,other,False
228,0,-2.6744189999999968,0.10602848,-0.04136198000000002,0.0034139199999999974,-9.102999999999997e-05,1,VAL,other,False
229,0,2.534882999999997,-0.00259565,-0.03516870000000005,0.007113629999999999,5.521999999999992e-05,1,LEU,other,False
230,1,8.953488,0.01295513,-0.022341889999999975,0.031186320000000003,0.00018844,1,VAL,other,False
231,2,-0.26578100000000404,0.09812583000000001,-0.039985090000000056,0.00845949,-3.916999999999983e-05,1,LEU,other,False
232,0,1.8604649999999978,-0.00058055,-0.021755509999999978,0.01016207,1.4130000000000002e-05,0,LEU,other,False
233,0,-1.2691030000000012,5.0480000000000005e-05,-0.021962900000000007,0.01037556,-0.00010678000000000011,0,PRO,other,False
234,1,10.013288999999986,0.00276393,-0.028465300000000027,0.026227069999999998,0.0002133600000000001,1,VAL,ECD,False
235,0,0.4750830000000015,-0.00690351,-0.024910030000000027,0.004428410000000001,-1.2599999999999981e-05,0,GLU,ECD,False
236,0,0.3754150000000003,-0.00101386,-0.01625868000000008,0.0048208800000000005,-1.2289999999999979e-05,0,VAL,ECD,False
237,-1,0.01993299999999998,-0.00240214,-0.02031973000000009,0.0034272699999999996,-1.7550000000000074e-05,0,ALA,ECD,False
238,2,-0.9335549999999984,0.00011358000000000028,-0.02629664999999992,0.015624570000000004,-8.412999999999997e-05,0,THR,ECD,False
239,1,-0.1926909999999964,0.0006815100000000002,-0.02446081,0.014628600000000002,-7.086000000000006e-05,1,HSD,ECD,False
240,0,-1.2890370000000004,-0.00971583,-0.06924235999999995,0.0194946,-9.62300000000001e-05,1,TYR,ECD,False
241,2,1.6511630000000004,-0.00309417,-0.01304099999999997,0.020015930000000005,-1.932999999999991e-05,1,LEU,ECD,False
242,0,3.368769999999998,-0.0023726899999999993,-0.009595800000000043,0.01570463,3.883999999999984e-05,0,GLU,ECD,False
243,0,8.192690999999996,0.0008287600000000004,-0.030120519999999984,0.01618951,0.00018699999999999988,0,ILE,ECD,False
244,0,14.358803999999992,0.0011611,-0.01657902,0.05319256000000001,0.00026171000000000007,0,ILE,ECD,False
245,0,11.039867999999998,0.00105593,0.02088643000000001,0.03023821,0.00021104,0,THR,ECD,False
246,0,11.033221999999999,-0.00121159,-0.007597609999999921,0.01702782,0.0002591799999999999,0,GLN,ECD,False
247,0,3.671097000000003,-0.0029406200000000006,-0.028017579999999986,0.02049301,2.7660000000000098e-05,0,LEU,ECD,False
248,0,-2.1328900000000033,0.00582235,-0.03763064999999999,0.015945249999999998,-0.00014425000000000006,0,ILE,ECD,False
249,0,3.700996999999994,0.00331082,0.010282760000000057,0.01150282,3.69700000000001e-05,0,VAL,ECD,False
250,0,-4.358805,4.21e-06,-0.031181739999999958,0.00697598,-0.00023777999999999994,0,GLU,ECD,False
251,-2,-5.631229000000005,-0.00758714,-0.03562111000000001,0.00403392,-0.0002171600000000001,0,SER,ECD,False
252,1,-1.4219270000000002,0.00052165,-0.024711619999999934,0.004156979999999999,-0.00013914999999999989,0,PHE,ECD,False
253,0,11.511627999999998,-0.00806041,0.0022775999999999907,0.01071422,0.00028525999999999996,0,HSD,ECD,False
254,2,1.936876999999999,0.00486317,-0.0068647500000000305,0.0027513,-6.944000000000004e-05,0,PHE,ECD,False
255,1,10.252492,-0.00321407,0.07889668,0.007460570000000001,0.00019999999999999987,0,LYS,ECD,False
256,0,4.518273000000001,-0.00030290000000000004,-0.010300069999999995,0.00118759,4.5979999999999936e-05,0,ASN,ECD,False
257,-1,-0.6445190000000007,-0.0055194400000000005,0.02076402999999999,0.0004865,-0.00010507000000000008,0,GLY,ECD,False
258,0,0.25249200000000016,-0.00031551999999999996,0.024149420000000033,0.00102739,-0.0001351499999999999,0,GLU,ECD,False
259,0,4.554817,-0.0010853800000000002,0.024030879999999977,0.0014119699999999998,3.661000000000007e-05,0,ASP,ECD,False
260,1,2.637872999999999,0.00145138,0.008326139999999982,0.00076143,6.677000000000007e-05,0,ALA,ECD,False
261,4,-0.17940199999999962,0.05049957,-0.03854846000000001,-0.0002884099999999998,-4.5160000000000035e-05,1,PRO,ECD,False
262,0,-1.6046510000000005,-0.00029027000000000046,-0.024383319999999986,-0.00020098000000000034,-7.759e-05,1,ASP,ECD,False
263,0,0.750830999999998,-0.0029069600000000005,-0.03534420999999999,-0.00196846,5.800000000000249e-07,1,LEU,ECD,False
264,1,0.7209300000000027,-0.0009591700000000005,-0.024034560000000038,-0.0013297099999999996,-4.642000000000014e-05,1,LEU,ECD,False
265,0,0.750829999999997,-0.00095917,-0.021590290000000012,-0.0007590600000000002,-6.559999999999856e-06,1,LYS,ECD,False
266,0,-4.88372,-9.255000000000005e-05,-0.03863351000000004,-0.0031055099999999997,-0.00017105000000000006,1,VAL,ECD,False
267,0,-3.215947,-0.00045434,-0.03183395999999994,-0.004716089999999999,-0.00016109000000000002,1,ILE,ECD,False
268,2,4.923589,0.01614186,-0.014641290000000029,-0.00039199000000000005,9.737999999999999e-05,1,THR,ECD,False
269,0,4.232558000000001,0.01010496,-0.021626339999999966,-0.0013133799999999998,0.00012116000000000004,1,LYS,ECD,False
270,0,4.7740870000000015,-0.12718706,-0.014845589999999964,-0.0012753799999999996,0.00010827999999999988,1,PRO,ECD,False
271,2,3.840532000000003,0.00446352,-0.03089116000000003,-0.0026564299999999996,5.741000000000036e-05,1,PHE,ECD,False
272,-1,6.840533000000001,0.00214131,-0.007912499999999989,-0.0001940100000000001,0.00012272999999999993,1,THR,ECD,False
273,-1,-14.315614,-0.00039123999999999995,-0.02043784999999998,-0.0008082599999999999,-0.0006157000000000001,1,LYS,ECD,False
274,0,-6.013289000000004,-0.12365116999999999,-0.034948709999999994,-0.0014763200000000006,-0.00026351999999999994,1,LEU,ECD,False
275,1,2.465116000000002,0.03845733,-0.025573560000000106,-0.0016609600000000004,3.954000000000002e-05,1,ILE,ECD,False
276,0,9.368771000000002,0.02670957,-0.0003503099999999648,0.0002610100000000001,0.00020827999999999992,1,VAL,ECD,False
277,0,7.807309,-0.00184262,-0.02541296999999998,-0.00046151000000000005,0.00025770999999999997,1,GLN,ECD,False
278,0,-13.325582999999998,0.005952759999999998,-0.01294936000000002,-0.00038250000000000003,-0.00040843,0,LEU,ECD,False
279,3,1.9102999999999994,0.10208872,-0.00195217999999997,0.00040162,0.00010205999999999995,0,ASP,ECD,False
280,1,-13.368772,0.11624072,-0.008755459999999993,-0.00030754,-0.00038539999999999994,0,LYS,ECD,False
281,-1,-5.289037,-0.00393765,-0.015225449999999974,-0.00019562999999999991,-4.973e-05,0,LYS,ECD,False
282,2,-2.2225910000000013,0.00850003,0.0022749699999999873,0.0003207099999999999,4.859999999999977e-06,0,VAL,ECD,False
283,0,-1.936878,0.00031131,-0.004383870000000012,-5.239000000000003e-05,2.728999999999991e-05,0,ILE,ECD,False
284,-2,-15.837207999999997,-0.00203614,-0.007220830000000011,-0.0002859799999999999,-0.00042792000000000004,0,SER,ECD,False
285,0,-2.7375410000000002,-0.04938054,-0.001988009999999929,1.2550000000000061e-05,-2.8300000000001067e-06,0,GLN,ECD,False
286,3,0.5049840000000003,0.08449127999999999,-0.0031886999999999888,7.936e-05,8.194000000000018e-05,0,ILE,ECD,False
287,0,3.8970100000000016,-1.683e-05,0.004603480000000049,-1.2320000000000018e-05,0.00020435000000000006,0,ALA,ECD,False
288,0,-3.8039869999999993,0.09214992999999999,-0.015390750000000009,-9.575000000000002e-05,-6.726999999999992e-05,0,MET,ECD,False
289,0,5.342192999999998,-0.0004291099999999999,-0.008320160000000021,-0.00010067000000000002,0.00036870999999999996,0,ASN,ECD,False
290,-2,-4.2657810000000005,-0.00042069000000000004,-0.03769030000000001,-5.311999999999999e-05,-0.00011987,-1,ASP,ECD,False
291,-1,-11.631230000000002,0.00239372,-0.060598929999999995,-0.00011459000000000001,-0.0004088999999999999,-1,GLU,ECD,False
292,-1,-5.584719,-0.01119034,-0.016214359999999983,-0.00020240999999999998,1.6710000000000075e-05,0,LYS,ECD,False
293,2,-3.960132999999999,0.0032351000000000003,-0.044244320000000004,-4.905999999999998e-05,-5.7870000000000013e-05,0,ALA,ECD,False
294,-1,-5.55814,-3.786000000000002e-05,-0.01772018999999997,-5.1869999999999996e-05,-0.00019802999999999997,-1,LYS,ECD,False
295,0,-4.601329,0.00125366,-0.005940919999999961,-0.00020953999999999998,1.0929999999999924e-05,0,ASN,ECD,True
296,0,3.800665000000002,-0.01042889,-0.06595561,-0.0005692999999999999,0.0001649300000000002,0,LYS,ECD,False
297,1,7.9435220000000015,-0.02591658,-0.02412373000000001,-0.0007343100000000002,0.0003101499999999999,1,SER,ECD,False
298,1,11.485050000000001,-0.05000736,-0.04829665999999999,-0.0001606400000000001,0.00038478999999999987,1,LEU,ECD,False
299,-1,2.514949999999999,-0.013634549999999999,-0.00920348999999998,-3.0269999999999993e-05,5.719999999999987e-05,0,VAL,ECD,False
300,-1,-6.1760800000000025,-0.10828548,-0.04247161999999999,-0.00018886,-0.0002722499999999999,1,LYS,ECD,False
301,-1,5.222592000000006,-0.09778507,-0.002034039999999959,-4.01e-05,0.00027216999999999996,1,ILE,ECD,False
302,1,-3.940199,-0.01273427,-0.004172730000000013,-6.141e-05,-0.00011549,1,TRP,ECD,False
303,0,-11.299003000000003,0.0018131700000000002,-0.008269619999999978,-3.392e-05,-0.0004053300000000001,1,CYS,ECD,False
304,-2,-1.983388999999999,-0.10356955,-0.009527740000000007,-1.6010000000000004e-05,-2.0719999999999896e-05,1,LYS,ECD,False
305,2,4.342192000000004,-0.00252414,0.013963730000000008,3.2199999999999997e-06,0.00027388999999999994,1,THR,ECD,False
306,1,-0.9966780000000011,0.004160620000000004,-0.0041514300000000115,-7.899999999999998e-07,-3.249999999999998e-05,1,PHE,ECD,False
307,0,-4.059799999999996,-2.9449999999999442e-05,-0.007530230000000027,-1.6999999999999998e-06,-0.00013823999999999998,1,THR,ECD,False
308,0,0.9534869999999991,-2.52400000000097e-05,-0.01240686000000002,-3.1000000000000005e-07,5.123999999999992e-05,1,ASN,ECD,True
309,0,1.3056480000000015,-0.0028480699999999977,-0.009379150000000003,-2.2e-07,5.045000000000006e-05,1,LYS,ECD,False
310,0,0.20265799999999956,0.0027471000000000023,-0.00514734,-2.0000000000000007e-08,-7.08000000000002e-06,1,THR,ECD,False
311,0,1.4053160000000027,0.002738689999999995,-0.0057972500000000315,-1.9999999999999994e-08,4.8309999999999976e-05,1,GLN,epitope,False
312,0,0.9867120000000007,-0.01668455,0.0016103400000000434,0.0,4.3669999999999994e-05,1,ILE,epitope,False
313,0,1.8106319999999982,-0.00282703,-0.0054533500000000235,-1e-08,8.329999999999991e-05,1,ASN,epitope,False
314,0,2.468439,-0.013861720000000001,-0.0040266299999999755,0.0,8.405000000000001e-05,0,VAL,epitope,False
315,-2,-2.3189370000000054,-0.014122550000000001,-0.005881300000000034,0.0,-8.67699999999999e-05,1,THR,epitope,False
316,0,0.5415279999999996,4.628e-05,0.00010543000000001745,0.0,2.446999999999996e-05,0,VAL,epitope,False
317,0,-0.16279100000000568,8.409999999999996e-06,-0.0043622099999999775,0.0,-7.0299999999998836e-06,0,PRO,epitope,False
318,1,-1.588039000000002,-0.00267979,0.0035765600000000064,0.0,-5.7799999999999995e-05,0,SER,epitope,False
319,1,-1.0,4.207e-05,-0.0020863699999999485,0.0,-3.0040000000000058e-05,1,THR,epitope,False
320,0,1.1528230000000015,-4.628e-05,-0.004796040000000001,0.0,4.173999999999996e-05,0,ALA,epitope,False
321,1,-5.6046520000000015,0.00286069,0.004237710000000006,0.0,-0.00020918,1,ASN,epitope,False
322,5,8.524916999999999,-0.0138491,0.03218381000000001,0.0,0.0004079,1,CYS,epitope,False
323,1,-9.262459,0.005616200000000001,-0.0011421999999999821,0.0,-0.00036866000000000004,1,THR,epitope,False
324,-2,-10.48505,-4.209999999999999e-06,-0.003853910000000016,0.0,-0.0004591599999999999,0,SER,epitope,False
325,3,-6.7508300000000006,0.00602427,-0.016123639999999995,0.0,-0.0002652300000000001,2,PRO,epitope,False
326,0,2.2425260000000016,-0.01155634,0.0012235899999999966,0.0,0.00021741000000000013,1,SER,epitope,False
327,0,-9.229236000000004,-1.2620000000000079e-05,-0.0039138100000000176,0.0,-0.00039671999999999993,1,LEU,epitope,False
328,2,-2.9036549999999934,0.002776549999999999,-0.004887849999999971,-1e-08,-9.593000000000015e-05,1,CYS,epitope,False
329,1,-1.0598010000000002,0.00017248000000000003,-0.004692499999999988,0.0,-5.3350000000000185e-05,0,TRP,epitope,False
330,0,0.08637900000000087,-4.21e-06,-0.0035536199999999796,0.0,4.880000000000075e-06,0,THR,epitope,False
331,0,-0.12292399999999937,-4.21e-06,-0.003395490000000001,0.0,-5.739999999999955e-06,0,ASP,epitope,False
332,0,-0.31229199999999935,1.2620000000000079e-05,-0.003127359999999968,0.0,-1.6080000000000022e-05,0,GLY,epitope,False
333,-1,1.1960140000000052,-0.0002692399999999996,-0.004129319999999992,0.0,4.4409999999999936e-05,-1,ILE,epitope,False
334,1,3.6544840000000036,0.008350680000000001,-0.006166159999999976,0.0,0.00018321000000000006,1,GLN,epitope,False
335,0,2.7973420000000004,0.0024610399999999994,-0.005248079999999988,0.0,0.00012430000000000037,1,ASN,epitope,False
336,2,3.272426000000003,0.01940641,-0.0051183599999999885,0.0,0.00021308999999999998,1,TRP,epitope,False
337,3,8.877077999999997,0.00854841,-0.0020706199999999675,0.0,0.00043337,1,THR,epitope,False
338,0,2.6146179999999966,-0.003041580000000002,-0.005906279999999986,-3.0000000000000004e-08,0.00010635000000000006,1,MET,epitope,False
339,0,2.1395349999999986,9.675999999999999e-05,-0.0060066400000000075,-5e-08,8.923000000000004e-05,1,LYS,epitope,False
340,0,0.7043189999999981,0.00018930999999999983,-0.008501049999999954,-2.1000000000000005e-07,2.5389999999999918e-05,1,ASN,epitope,False
341,0,0.5780729999999998,3.365000000000003e-05,-0.006948970000000054,-2.6000000000000005e-07,3.555000000000008e-05,1,VAL,epitope,False
342,0,-2.1926910000000035,0.00010096999999999998,-0.007765100000000025,-1.3400000000000003e-06,-4.990000000000029e-05,1,THR,ECD,False
343,0,-0.18936800000000176,0.0026377199999999996,0.01181897000000004,-3.3700000000000003e-06,2.1130000000000064e-05,1,TYR,ECD,False
344,2,-0.8504989999999992,0.11559285,-0.008502549999999998,-2.0199999999999993e-06,3.7590000000000106e-05,1,LYS,ECD,False
345,0,-6.598005999999998,-0.00176689,-0.0022811799999999938,-3.8440000000000005e-05,-0.0001960200000000001,1,GLU,ECD,False
346,-1,-5.156146,-0.00540166,0.026911730000000023,5.839999999999998e-06,-0.0001952500000000001,1,ASN,ECD,False
347,1,-4.312290999999998,-0.00814034,0.0005846999999999936,-3.1889999999999995e-05,-0.00013858000000000013,1,ILE,ECD,False
348,-1,-5.541528,-0.0003071,-0.017134189999999994,-0.00015023,-0.0002368400000000001,1,ALA,ECD,False
349,1,-0.9169430000000034,0.00263351,-0.004293890000000022,-0.00021058999999999997,-4.855000000000007e-05,1,LYS,ECD,False
350,-1,1.126246,-0.00121159,-0.05856093999999995,-0.0005075,6.977999999999997e-05,0,CYS,ECD,False
351,0,6.59800700000001,0.0004921999999999999,-0.016539410000000032,-0.0007756600000000001,0.00012187999999999999,1,GLN,ECD,False
352,2,18.664452,5.89e-05,-0.0492688,-0.00054754,0.00070295,1,HSD,ECD,False
353,1,7.425249000000001,-0.14146106,-0.013088580000000016,-0.00011136999999999996,0.0001868,1,ILE,ECD,False
354,1,-2.342191999999997,0.00890179,-0.02091058999999995,-0.0003429999999999999,-0.00022130999999999995,1,PHE,ECD,False
355,3,24.202658999999997,6.731e-05,0.060021449999999976,0.00036275,0.00078434,1,VAL,ECD,False
356,0,14.704318999999998,-0.000732,-0.005862220000000029,5.937000000000002e-05,0.00042944,1,ASN,ECD,False
357,0,10.122923,2.9449999999999998e-05,0.048582610000000026,0.00011383000000000001,0.00028072000000000004,1,PHE,ECD,False
358,0,3.345514999999999,-0.004985170000000001,-0.026772160000000045,-0.00017728000000000004,-2.8100000000000087e-06,1,HSD,ECD,False
359,0,0.4651160000000001,-0.00028396,-0.03758833,-0.00038338,-3.147999999999996e-05,1,LEU,ECD,False
360,0,-1.1661140000000003,0.00020824000000000016,-0.06891322999999994,-0.00230334,-5.711000000000041e-05,1,PRO,ECD,False
361,2,2.9069760000000002,0.004566590000000001,-0.03693630000000003,-0.0012488599999999996,9.482000000000002e-05,1,ASP,ECD,False
362,0,0.023255999999999943,-0.00047327000000000003,-0.03429435000000003,-0.0010698799999999998,-3.066000000000006e-05,0,LEU,other,False
363,0,2.594684000000001,-0.0055489,-0.050488650000000024,-0.0015689399999999996,3.1439999999999984e-05,1,ALA,other,False
364,0,-2.9534890000000047,-0.00053007,-0.047150919999999985,-0.00240824,-0.00011509999999999992,1,VAL,other,False
365,0,-0.3089689999999976,3.786e-05,-0.029959610000000025,-0.0015357599999999997,-4.425999999999996e-05,1,GLY,other,False
366,0,0.24916999999999945,0.0038451000000000006,-0.022115419999999997,-0.0012361800000000004,-6.205000000000013e-05,1,THR,other,False
367,0,-4.132891000000001,0.01156476,-0.042508639999999986,-0.0026440099999999996,-0.00018187999999999993,1,ILE,other,False
368,0,0.44518200000000263,-0.0045308200000000005,-0.02985760999999998,-0.0022676899999999993,-1.4829999999999965e-05,1,LEU,other,False
369,0,2.867110000000004,-0.00026083,-0.033993700000000016,-0.0014718500000000002,5.891999999999985e-05,1,LEU,other,False
370,-1,-0.20597999999999672,-0.00466124,-0.03776593000000006,-0.0021458500000000004,-3.273000000000013e-05,1,ILE,other,False
371,1,-3.558139000000004,0.004736959999999999,-0.053023330000000035,-0.00661669,-0.00011236999999999987,1,LEU,other,False
372,0,1.9468430000000012,-0.0017121999999999997,-0.034847280000000036,-0.002016849999999999,3.3429999999999875e-05,1,SER,other,False
373,0,4.495016999999997,0.00033655,-0.03625393999999993,-0.00216882,0.00011970999999999987,1,LEU,other,False
374,0,0.8970100000000016,0.00098862,-0.03957853,-0.004332529999999999,2.1460000000000055e-05,1,LEU,other,False
375,0,1.9700980000000001,0.01419196,-0.04165412000000002,-0.005832829999999999,4.800000000000008e-05,1,VAL,other,False
376,-1,0.5581400000000016,-0.00015985999999999995,-0.04109154999999998,-0.0052023799999999995,1.0760000000000066e-05,1,LEU,other,False
377,0,-0.08970200000000261,-1.2619999999999998e-05,-0.045790149999999974,-0.00464199,-3.2999999999999176e-06,1,CYS,other,False
378,1,0.06644500000000164,0.00527965,-0.038767060000000075,-0.006757609999999999,7.580000000000087e-06,1,GLY,other,False
379,-2,-3.478404999999995,-0.012831029999999998,-0.05106386000000007,-0.013906619999999998,-9.347000000000001e-05,1,CYS,other,False
380,0,-1.269102999999994,-0.0028270400000000003,-0.04045129999999997,-0.00520349,-3.1710000000000115e-05,1,LEU,other,False
381,0,-1.106310999999998,-0.00013462,-0.02858142000000008,-0.00565462,-2.7010000000000055e-05,1,ILE,other,False
382,2,3.750831000000005,0.048450810000000004,-0.05032002000000002,-0.007825769999999998,0.00010513999999999988,1,MET,other,False
383,2,-2.6179409999999947,0.05380198,-0.037661000000000056,-0.00504968,-8.082000000000011e-05,1,ILE,other,False
384,0,-4.295679999999997,0.00069834,-0.038428139999999944,-0.003501109999999999,-0.0001533200000000002,1,VAL,other,False
385,0,-3.4219270000000037,-0.003477,-0.037783730000000015,-0.00408768,-0.00012779000000000002,1,LYS,other,False
386,1,2.096346000000004,-0.0730927,-0.026005569999999922,-0.004591999999999999,4.159999999999993e-05,1,ILE,other,False
387,0,-4.996677000000002,-0.00272607,-0.01744190999999995,-0.00182335,-0.00019981000000000014,1,LEU,other,False
388,0,-6.554815999999999,0.00031973000000000006,-0.017728889999999997,-0.0025303299999999995,-0.00026011000000000003,1,GLY,other,False
389,5,2.6810630000000018,0.048076400000000005,-0.007762570000000024,-0.0003211099999999999,2.8140000000000066e-05,1,SER,other,False
390,2,-3.342192999999998,0.008521070000000006,-0.00382300999999996,-0.0026972100000000002,-0.00018026999999999995,1,VAL,other,False
391,3,7.873753999999998,-0.00709072,0.02532924999999997,4.080000000000056e-06,0.00024909,1,LEU,other,False
392,1,4.458472,0.00030711000000000003,-0.004061040000000071,0.00014247,8.088000000000008e-05,1,LYS,other,False
393,-2,2.3754150000000003,0.01676868,0.08055359000000001,0.0017917300000000003,-0.00046422999999999994,1,GLY,other,False
394,2,0.47176100000000076,-5.048e-05,-0.01720621,0.0015025799999999999,-0.00011903999999999994,1,GLN,other,False
395,3,23.431893,-0.010140719999999999,0.025200679999999975,0.0016859700000000002,0.0007305,1,VAL,other,False
396,1,17.544850999999998,-0.027397400000000002,-0.004754629999999982,0.0010476599999999997,0.00051728,1,ALA,other,False
397,1,13.870432000000001,-0.00596117,0.0004986699999999233,0.0016926000000000003,0.00036229000000000014,1,THR,other,False
398,3,-11.036546000000001,0.03722261,-0.007418310000000039,0.0033859700000000003,-0.00059596,1,VAL,other,False
399,1,-8.651162999999997,0.05209398,-0.012664340000000052,-0.0020641899999999996,-0.00039842999999999996,1,ILE,other,False
400,2,3.3156130000000026,1.2629999999999803e-05,0.05285646999999993,0.00196638,5.0620000000000135e-05,1,LYS,other,False
401,1,5.986711,0.00109379,0.027387309999999943,0.0005129000000000002,0.0001401499999999999,1,LYS,other,False
402,3,-2.6013280000000023,-0.00048799999999999994,-0.0575811100000001,-0.00865943,-0.00010088999999999996,1,THR,other,False
403,-1,3.4817269999999994,-0.006259859999999999,-0.005394169999999976,0.0007567599999999987,3.504000000000007e-05,1,ILE,other,False
404,0,2.1262459999999983,-0.00239372,-0.022861360000000053,-0.0018058800000000002,5.568999999999995e-05,0,ASN,other,False
405,0,-3.086378,-0.00191835,-0.042010350000000085,-0.0018053600000000002,-0.00010106999999999998,1,THR,other,False
406,0,1.5049829999999957,-0.0007530300000000002,-0.03614457999999998,-0.00287663,0.00012494999999999997,1,ASP,other,False
407,0,-0.9468449999999997,-0.00032393,-0.040436780000000005,-0.0007178499999999999,2.0300000000000873e-06,0,PHE,other,False
408,0,-0.27906999999999904,-0.0005132400000000001,-0.03973283,-0.00046442,1.466999999999994e-05,0,PRO,other,False
409,0,1.0730900000000005,0.0,-0.0012719700000000111,-5.7470000000000004e-05,6.787999999999998e-05,0,PHE,other,False
410,0,-14.548173000000002,0.0018300000000000005,-0.044538030000000006,-0.0027983,-0.00054513,0,PRO,other,False
411,1,1.2026579999999996,-0.0005847600000000001,-0.03376952,-0.0013840600000000003,8.814e-05,1,PHE,other,False
412,2,-5.687707999999997,0.004299450000000001,-0.013194530000000038,0.00068774,-0.00025345,1,ALA,other,False
413,0,1.9568110000000019,-7.572e-05,-0.038018109999999994,-0.00312254,0.0001056099999999999,1,TRP,other,False
414,1,-0.5083060000000046,4.2069999999999955e-05,-0.033368869999999995,-0.004372280000000001,3.799999999999984e-06,0,LEU,other,False
415,1,4.342193000000002,0.00248207,-0.05002019000000002,-0.007632519999999997,0.00019212000000000005,0,THR,other,False
416,0,-1.0830559999999991,-0.008489509999999999,-0.04201787000000001,-0.008422519999999996,-1.1499999999999792e-05,0,GLY,other,False
417,1,2.9435220000000015,0.00375255,-0.044240029999999986,-0.007407660000000003,0.0001158000000000001,0,TYR,other,False
418,1,-4.358803999999999,0.0134242,-0.05914750000000002,-0.01712069,-9.303000000000002e-05,0,LEU,other,False
419,1,1.0697659999999942,0.0165962,-0.04566541999999996,-0.009473339999999997,3.4279999999999814e-05,1,ALA,other,False
420,0,-0.8770760000000024,-0.00029028,-0.042891320000000066,-0.011979570000000002,-1.2549999999999844e-05,0,ILE,other,False
421,2,-0.7142860000000013,0.003988139999999999,-0.04612923999999996,-0.013306159999999997,-3.289999999999977e-06,1,LEU,other,False
422,0,-0.7740870000000015,-0.00169117,-0.045976630000000074,-0.024487320000000007,-1.6990000000000147e-05,1,VAL,other,False
423,0,1.1229230000000001,0.00122842,-0.045391159999999986,-0.01638763,2.8500000000000096e-05,1,GLY,other,False
424,0,1.6544840000000036,0.00247365,-0.03970328000000001,-0.012470550000000004,4.3950000000000065e-05,1,ALA,other,False
425,5,6.604650999999997,0.00668896,-0.03935851999999995,-0.017171770000000003,0.00020814999999999983,1,GLY,other,False
426,0,2.1362120000000004,-0.0048337200000000006,-0.05205371999999997,-0.04327718999999999,5.158000000000029e-05,1,MET,other,False
427,0,-0.5382060000000024,-0.00554259,-0.035125410000000024,-0.018722139999999998,-2.13399999999999e-05,1,THR,other,False
428,1,3.6611299999999964,-0.018811130000000002,-0.04371273999999992,-0.01128196,0.0001026,1,PHE,other,False
429,1,-0.17275800000000174,4.627999999999989e-05,-0.04957884000000001,-0.023282270000000008,-4.400000000000107e-06,1,ILE,other,False
430,1,2.016612000000002,0.00436465,-0.03482348999999996,-0.012477840000000004,3.8049999999999976e-05,1,VAL,other,False
431,-1,-2.830565,-0.0014913399999999999,-0.042971390000000054,-0.0434615,-5.674e-05,1,GLN,other,False
432,2,-10.431894999999997,0.06796871,-0.05774816999999999,-0.06491788999999999,-0.00024235000000000012,1,SER,other,False
433,-1,-9.282392000000002,-0.007416750000000001,-0.060635990000000084,-0.06409813,-0.0002205900000000001,1,SER,other,False
434,-1,-6.737542000000005,-0.007450410000000001,-0.04703668999999999,-0.05634373,-0.00014873000000000013,1,SER,other,False
435,1,-5.827243000000003,0.01135441,-0.054267379999999976,-0.07164929,-0.0001231600000000002,1,VAL,other,False
436,1,-12.617941000000009,0.0095833,-0.06947420999999998,-0.09845111000000001,-0.00027433999999999987,1,PHE,other,False
437,0,-1.0598010000000002,-8.834000000000001e-05,-0.0370107300000001,-0.06260448,-1.2469999999999886e-05,1,THR,other,False
438,0,-4.790698000000003,-0.06356829,-0.05001749,-0.04148942,-0.00012408999999999988,1,SER,other,False
439,1,-8.093024,0.00682779,-0.06827512999999996,-0.07149121,-0.00017709999999999991,1,ALA,other,False
440,1,-0.8006639999999976,0.00044592999999999976,-0.038898100000000047,-0.05437310000000001,-2.529999999999937e-06,1,LEU,other,False
441,0,-0.5382059999999953,-0.007160140000000001,-0.049642929999999974,-0.03397066,-9.659999999999877e-06,1,THR,other,False
442,0,8.016612000000002,0.0228224,-0.053140530000000075,-0.03049197,0.00030387999999999986,1,PRO,other,False
443,0,5.408637999999996,0.019587300000000002,-0.05591480999999998,-0.041038620000000005,0.00016067999999999985,1,LEU,other,False
444,1,-1.8837210000000013,0.0030499999999999998,-0.03378057000000001,-0.03976924,-5.3129999999999974e-05,1,ILE,other,False
445,1,4.129568000000006,0.00087503,-0.014480280000000012,-0.016208030000000002,0.00013900999999999996,1,GLY,other,False
446,1,5.946845000000003,-0.00225069,-0.012835379999999952,-0.009522939999999999,0.00021605000000000018,1,ILE,other,False
447,0,4.797342,-0.03931133,0.027006470000000005,-0.0004546200000000002,0.00018592999999999995,1,GLY,other,False
448,0,5.990033000000004,-0.024082370000000002,-0.029314280000000026,-0.008559650000000002,0.00013417000000000008,1,VAL,other,False
449,0,-1.554817,-0.02970068,-0.0033976900000000088,-0.005203309999999999,-6.585999999999983e-05,1,ILE,other,False
450,1,3.378737000000001,0.10116321,-0.024831480000000017,-0.0051524799999999975,6.086999999999998e-05,1,THR,other,False
451,-1,-2.066444999999998,0.0004711699999999999,-0.03345425999999996,-0.00836543,-7.563000000000003e-05,1,ILE,other,False
452,0,-0.1461790000000036,-0.003538000000000003,-0.012994850000000002,-0.001854370000000001,-9.974000000000007e-05,1,GLU,other,False
453,0,3.501661999999996,-0.003466480000000001,-0.02140636000000007,-0.007263760000000001,7.827000000000008e-05,1,ARG,other,False
454,0,-0.1893660000000068,-0.0022044100000000004,-0.05376956999999993,-0.01727039999999999,-4.1250000000000054e-05,1,ALA,other,False
455,0,3.551493999999998,-0.0009423399999999998,-0.039251919999999996,-0.0034341599999999917,7.700000000000003e-05,1,TYR,other,False
456,2,-4.983388000000005,-0.008201340000000001,-0.05523893000000002,-0.025859439999999997,-0.0001546500000000001,1,PRO,other,False
457,0,4.405316999999997,-0.02555479,-0.05398409999999998,-0.007418590000000003,8.999000000000008e-05,1,LEU,other,False
458,0,6.106313999999998,0.002515719999999999,-0.04964266000000006,0.0015579099999999957,0.00013691000000000007,1,THR,other,False
459,0,1.960132999999999,-0.0007866800000000001,-0.053888489999999956,-0.002818479999999998,3.465e-05,1,LEU,other,False
460,0,2.4750839999999954,0.00060158,-0.05890762999999999,-0.03272565999999999,5.616999999999992e-05,1,GLY,other,False
461,1,12.604652999999992,0.007488270000000001,-0.03535443999999999,0.06614935999999999,0.00025713000000000016,1,SER,other,False
462,1,-0.2392019999999988,0.013790199999999999,-0.05321102999999994,0.008052509999999985,-3.0679999999999943e-05,1,ASN,other,False
463,0,-1.1096349999999973,-0.00143455,-0.044407430000000025,-0.007333489999999998,-4.065999999999987e-05,1,ILE,other,False
464,0,6.1860479999999995,-0.009335099999999999,-0.030029360000000005,0.018531429999999988,0.00011742000000000002,1,GLY,other,False
465,1,-3.7242509999999953,0.0037714800000000007,-0.04653932999999999,0.024658439999999976,-0.00013044999999999984,1,THR,other,False
466,0,-2.910298999999995,0.0007572400000000002,-0.04485958000000001,-0.01609998,-7.99799999999999e-05,1,THR,other,False
467,0,-1.079734000000002,-0.01486085,-0.04198117000000001,-0.010363709999999998,-4.737000000000014e-05,1,THR,other,False
468,1,0.5016610000000057,0.07519194,-0.04326646000000001,-0.005492940000000002,6.469999999999957e-06,1,THR,other,False
469,-1,-0.01993399999999923,-0.01945269,-0.04033036999999995,-0.0027787500000000104,-1.7499999999999937e-05,1,ALA,other,False
470,0,-2.0996689999999987,0.00915842,-0.03911660000000006,-0.009890330000000003,-6.65799999999999e-05,1,ILE,other,False
471,0,0.43521499999999946,-0.01046676,-0.04023597000000001,-0.0020414699999999966,-9.070000000000128e-06,1,LEU,other,False
472,0,-2.0398659999999964,0.046444120000000005,-0.036614839999999926,-0.0011652600000000013,-8.856000000000011e-05,1,ALA,other,False
473,1,1.5847180000000023,0.037988270000000005,-0.03985337,-0.00210432,3.3330000000000035e-05,1,ALA,other,False
474,-1,3.132890999999997,-0.01202961,-0.03280145000000001,-0.0010834899999999995,7.496999999999994e-05,1,LEU,other,False
475,0,-0.8205980000000039,4.207e-05,-0.04255995000000001,0.001921889999999999,-6.64699999999999e-05,1,ALA,other,False
476,1,5.146179,0.016819169999999998,-0.02561571000000007,0.0022764199999999995,0.00012545999999999998,1,SER,other,False
477,1,3.1395359999999997,0.0012599599999999992,-0.033303850000000024,0.0023722000000000005,1.7529999999999976e-05,0,PRO,other,False
478,1,2.6644509999999997,0.07202205,-0.022084789999999965,0.00143006,9.429999999999942e-06,0,GLY,other,False
479,-1,7.627907,-0.01459792,-0.018883479999999953,0.00898314,0.00020195,1,ASN,other,False
480,2,3.7076410000000024,0.0037420300000000004,-0.036378299999999975,0.007737529999999999,3.143000000000004e-05,1,ALA,other,False
481,1,14.843853999999993,-0.0004038700000000006,-0.029130989999999968,0.018681740000000002,0.00048590000000000005,0,LEU,other,False
482,0,2.5049840000000003,-0.00013882,-0.022364179999999956,0.02026624,1.3450000000000137e-05,1,ARG,other,False
483,0,1.614618,-0.0002566300000000001,-0.04105986000000006,0.018751080000000003,-2.595000000000028e-05,1,SER,other,False
484,0,-3.986711999999997,0.0057802800000000005,-0.029100769999999998,0.021082169999999997,-0.00022678999999999993,1,SER,other,False
485,0,18.727575,-0.0004964100000000001,-0.02963961000000004,0.056539219999999994,0.0004107500000000001,1,LEU,other,False
486,0,4.262457999999995,-0.01757851,-0.042897350000000056,0.03196855,5.8969999999999986e-05,1,GLN,other,False
487,2,-1.485049999999994,0.01101365,-0.055397670000000065,0.025978679999999997,-8.810999999999997e-05,1,ILE,other,False
488,-1,5.3787379999999985,-0.0012725800000000006,-0.03965260999999998,0.058393879999999995,5.011000000000013e-05,1,ALA,other,False
489,2,4.093023000000002,0.013361099999999999,-0.051040970000000074,0.042279769999999994,3.990000000000005e-05,1,LEU,other,False
490,1,10.644518000000005,-0.00119265,-0.04197096,0.11781716,0.00015756000000000017,1,CYS,other,False
491,-1,-2.232557,-0.01492396,-0.05225651000000009,0.03847636,-0.00010920999999999999,1,HSD,other,False
492,0,-4.7674419999999955,-0.005285959999999999,-0.057276930000000004,0.03844659,-0.00018855999999999994,1,PHE,other,False
493,1,2.0332229999999925,-0.030516810000000005,-0.05661369000000005,0.05530336000000001,-4.619999999999885e-06,1,PHE,other,False
494,1,13.475082999999998,-0.05325088,-0.0494097,0.09887597000000001,0.0002768900000000001,1,PHE,other,False
495,0,-0.1229240000000047,-0.013171790000000001,-0.06671536,0.01527096,-1.1639999999999828e-05,1,ASN,other,False
496,0,-5.754154,-0.0007993099999999999,-0.06248973999999996,0.021111370000000004,-0.00018154,1,ILE,other,False
497,2,1.6146170000000026,0.01853558,-0.05509478999999995,0.017097779999999993,3.191999999999995e-05,1,SER,other,False
498,0,-0.47176100000000076,0.0023306200000000003,-0.052622100000000005,0.013308959999999995,-1.5590000000000005e-05,1,GLY,other,False
499,0,-1.152825,-0.008047789999999999,-0.055862599999999984,0.0029698999999999975,-2.875000000000013e-05,1,ILE,other,False
500,0,-2.242525999999998,-0.0057613399999999985,-0.05461362999999997,0.00020516999999999758,-6.0299999999999894e-05,1,LEU,other,False
501,0,-0.6212620000000015,-0.0033655100000000004,-0.05111704000000006,-0.004225060000000003,-2.5120000000000003e-05,1,LEU,other,False
502,2,-2.744185999999999,0.00107697,-0.05619109,-0.02461908,-2.7469999999999925e-05,1,TRP,other,False
503,0,-0.9402000000000008,0.0038472000000000003,-0.05465912000000006,-0.007542610000000002,-4.580000000000014e-06,0,TYR,other,False
504,0,-4.667774000000001,0.00074883,-0.04820659999999999,-0.020535809999999998,-0.00011449000000000008,0,PRO,other,False
505,0,-7.448504,0.00078669,-0.0674591,-0.027034859999999997,-0.0001985000000000001,0,ILE,other,False
506,-2,2.5581390000000006,-0.02423593,-0.056240530000000066,-0.010864849999999999,0.00011107999999999995,0,PRO,other,False
507,-1,1.0298999999999978,-0.00820134,-0.037280250000000015,-0.00986654,3.864999999999988e-05,0,PHE,other,False
508,0,-13.916943000000003,0.00489262,-0.06273776000000009,-0.049895989999999994,-0.0003302499999999998,1,THR,other,False
509,-1,8.568106,-0.051683810000000004,-0.04027586999999999,-0.004983360000000003,0.00024952000000000004,1,ARG,other,False
510,0,-3.2657799999999995,0.00175638,-0.05597344999999998,-0.020886119999999994,-0.00010154999999999995,1,LEU,other,False
511,0,1.186047000000002,0.00212869,-0.05984354000000003,-0.019688650000000002,2.4039999999999912e-05,1,PRO,other,False
512,-1,-11.837209000000001,0.0457605,-0.06363861999999998,-0.0226964,-0.0003803000000000001,1,ILE,other,False
513,1,7.800663999999998,0.03136451,-0.04839802999999998,-0.00015572999999999976,0.00018951000000000016,1,ARG,other,False
514,1,1.275748,0.06396373999999999,-0.06358768999999997,-0.012710180000000001,1.7129999999999966e-05,1,MET,other,False
515,2,0.3588019999999972,0.01975558,-0.04621063999999997,-0.005755999999999997,-6.962000000000006e-05,1,ALA,other,False
516,-1,-1.8272419999999983,-0.00019772,-0.04710687000000002,-0.0016568300000000015,-0.00010355999999999994,0,LYS,other,False
517,0,11.996677000000005,-0.007610270000000001,-0.02154905000000007,0.0048283699999999985,0.00025930000000000007,1,GLY,other,False
518,1,5.156146,0.00344124,-0.05311982999999998,0.0001296600000000002,0.00010426999999999984,0,LEU,other,False
519,4,17.146178999999997,-0.009166820000000001,-0.03845398999999994,0.0013639100000000012,0.0006259999999999998,0,GLY,other,False
520,-2,9.614618999999998,-0.00642393,-0.020579070000000033,0.0025169200000000006,0.00024627000000000004,0,ASN,other,False
521,2,2.7641199999999984,-0.0026966200000000003,-0.02627915000000003,0.0034757999999999994,-5.799999999998081e-07,0,ILE,other,False
522,3,-1.5847189999999998,0.04644412,-0.05584036999999997,-0.007607959999999999,-5.679000000000014e-05,0,SER,other,False
523,4,3.4186060000000005,-0.12656233,-0.04206785999999996,-0.0007352900000000004,0.00014594999999999994,2,ALA,other,False
524,0,19.039867,-0.12471971000000001,-0.018018560000000017,0.00279054,0.0004389600000000002,0,LYS,other,False
525,3,-14.657807000000002,0.04433646,-0.051979529999999996,-0.00828243,-0.0005437700000000001,1,TYR,other,False
526,-1,21.707639,-0.010889549999999998,-0.009043959999999962,0.00270696,0.0005512900000000001,0,ARG,other,False
527,1,2.8671099999999967,-0.18340169,-0.028707990000000017,-0.0003999699999999995,1.8749999999999887e-05,0,TRP,other,False
528,1,-0.3554820000000021,0.01810227,-0.029282829999999982,-0.00340371,-5.414999999999999e-05,0,PHE,other,False
529,1,3.199334999999998,0.01309186,-0.03197053999999999,-0.0011678599999999997,3.987999999999995e-05,0,ALA,other,False
530,0,-0.01993399999999923,0.08936707999999999,-0.04593913999999999,-0.0012316799999999998,-4.925000000000003e-05,0,VAL,other,False
531,0,6.438537999999994,-0.18987821000000002,-0.027652349999999992,-0.005338490000000001,0.0001573900000000001,1,PHE,other,False
532,0,-0.9634560000000008,-0.0024652499999999996,-0.03603970000000001,-0.002982179999999999,-8.425000000000012e-05,0,TYR,other,False
533,0,1.2491680000000045,-0.00026083,-0.04591867000000005,-0.00156245,1.173000000000016e-05,0,LEU,other,False
534,0,1.7076410000000024,0.04158937,-0.02722943,-0.0014668900000000002,4.036999999999986e-05,0,ILE,other,False
535,1,1.514951,-0.00021876000000000003,-0.030217190000000005,0.0002988000000000001,4.155000000000001e-05,0,ILE,other,False
536,1,1.0066440000000014,-0.03734251,-0.03185330999999991,-0.002721590000000001,1.2809999999999818e-05,1,PHE,other,False
537,-2,-4.950165999999996,-0.00015566,-0.046916100000000016,-0.00273143,-0.00015572999999999997,0,PHE,other,False
538,0,1.508305,-0.0008624199999999999,-0.03065030000000002,-0.0010860900000000005,4.780999999999991e-05,0,PHE,other,False
539,0,0.11627899999999869,-6.731e-05,-0.024103389999999947,-0.0009835399999999998,1.1600000000000065e-05,0,LEU,other,False
540,1,-3.7043180000000007,0.04529985,-0.044241940000000035,-0.002390159999999999,-0.00010431999999999998,0,ILE,other,False
541,0,-1.2956809999999948,-0.0036726200000000006,-0.03155669999999999,-0.0012645199999999999,-2.571999999999991e-05,0,PRO,other,False
542,0,-2.8139540000000025,-0.0012999300000000001,-0.02862920999999996,-0.0012607,-7.385999999999981e-05,0,LEU,other,False
543,0,-1.0,-0.0015481400000000001,-0.0367819399999999,-0.0011034,-1.0459999999999896e-05,0,THR,other,False
544,0,-3.624584999999996,-0.0018657600000000002,-0.041220849999999976,-0.0014678,-9.146999999999996e-05,0,VAL,other,False
545,0,-0.013290000000001356,-0.0018846899999999998,-0.03592470999999997,-0.00067563,1.73100000000002e-05,0,PHE,other,False
546,0,-0.17275699999999716,0.00236428,-0.03399258000000005,-0.0008045499999999998,1.4059999999999984e-05,0,GLY,other,False
547,1,-3.348837000000003,0.01966513,-0.057951890000000006,-0.0018961200000000003,-7.309000000000005e-05,0,LEU,other,False
548,0,0.10963500000000082,0.0027008299999999996,-0.035021919999999984,-0.00029661,1.0809999999999986e-05,0,SER,other,False
549,0,0.5747509999999991,-0.00013041,-0.040688949999999946,-0.00039988999999999997,2.961000000000001e-05,0,LEU,other,False
550,0,1.8438549999999978,-0.00015145,-0.049715379999999976,-0.00035046000000000003,7.353999999999998e-05,0,ALA,other,False
551,0,-0.29235900000000115,0.00505248,-0.0455238,-0.0001377599999999998,-9.479999999999862e-06,0,GLY,other,False
552,0,-1.5780729999999998,-3.365e-05,-0.052016729999999956,-0.00013895999999999998,-5.591999999999999e-05,0,TRP,other,False
553,0,1.009966999999996,-0.00148503,-0.04654809999999998,-0.00019231,3.8880000000000034e-05,0,ARG,other,False
554,0,0.581395999999998,-0.005102970000000002,-0.049983180000000016,-0.00034953999999999996,2.1049999999999888e-05,0,VAL,other,False
555,-1,-1.4385380000000012,-0.006238830000000001,-0.06130946000000004,-0.00021184000000000003,-4.8349999999999956e-05,0,LEU,other,False
556,0,0.8272429999999993,4.210000000000002e-06,-0.05044141000000002,-0.00015215999999999998,3.2200000000000024e-05,0,VAL,other,False
557,0,0.3588049999999967,0.0013630299999999999,-0.06511469999999997,-0.00030812000000000005,1.7760000000000128e-05,0,GLY,other,False
558,0,0.7973429999999979,0.00081193,-0.07060789,-0.00042867999999999997,3.5740000000000034e-05,0,VAL,other,False
559,0,-0.023255999999999943,-0.0006310399999999999,-0.07550572,-0.00052249,1.3769999999999971e-05,0,GLY,other,False
560,-1,2.2857150000000033,-0.007021299999999999,-0.06128179,-0.0005872700000000001,8.942e-05,0,VAL,other,False
561,0,1.3122929999999968,-0.0033234399999999996,-0.08565220000000001,-0.0010301400000000001,6.784999999999994e-05,0,PRO,other,False
562,0,0.45847200000000043,-0.0018846899999999996,-0.09034100000000006,-0.00140388,4.998000000000003e-05,0,VAL,other,False
563,0,0.328905000000006,-0.00600324,-0.07470860999999995,-0.0015238699999999997,5.006999999999993e-05,0,VAL,other,False
564,1,-0.03322200000000208,0.02542226,-0.06961406000000003,-0.0015844699999999997,3.8440000000000045e-05,0,PHE,other,False
565,0,-6.906977000000005,0.033007299999999996,-0.10433382999999996,-0.0036968599999999997,-0.00016293000000000015,0,ILE,other,False
566,0,-2.269103000000001,-0.00010097000000000014,-0.08272652999999996,-0.0025640100000000002,-2.1940000000000024e-05,0,ILE,other,False
567,0,-4.8970099999999945,-0.00026924,-0.07475538999999998,-0.0029664599999999998,-9.962000000000013e-05,0,ILE,other,False
568,0,0.3255809999999997,0.001098,-0.08718069000000006,-0.0030732599999999995,8.620000000000004e-05,0,LEU,other,False
569,0,-9.259133999999996,0.08408952,-0.10097184999999997,-0.00787022,-0.00021574000000000007,0,VAL,other,False
570,0,-2.235880999999999,-0.0005258599999999995,-0.06550058000000003,-0.00295549,-2.4070000000000168e-05,0,LEU,other,False
571,-1,-2.272426000000003,-0.00672262,-0.06810463999999994,-0.004016909999999999,2.5789999999999928e-05,0,CYS,other,False
572,-4,-4.614618,-0.01628068,-0.12262888000000005,-0.006990689999999999,-6.152999999999996e-05,0,LEU,other,False
573,-1,9.325581999999997,-0.03939547,-0.05583310000000008,-0.00248365,0.00036607999999999996,0,ARG,other,False
574,-1,-1.428570999999998,-0.00800152,-0.08549396999999992,-0.00402613,-8.69e-06,0,LEU,other,False
575,0,-6.036546000000001,0.00558675,-0.0929343399999999,-0.00442381,-0.00011107999999999995,0,LEU,other,False
576,0,-2.6976750000000003,0.049422600000000004,-0.11224802999999994,-0.00566466,-6.543999999999994e-05,0,GLN,other,False
577,-1,-9.332227000000003,-0.00048799999999999994,-0.10160703000000004,-0.01341105,-0.0002875,0,SER,other,False
578,-2,-9.378737000000005,-0.039193530000000004,-0.0860912399999999,-0.00239222,-0.00036286,-1,ARG,other,False
579,-3,2.9501670000000004,-0.026947269999999995,-0.0811016,-0.0017068599999999997,5.6990000000000035e-05,0,CYS,other,False
580,2,6.777408000000001,0.030819709999999997,-0.07991251999999999,-0.00047819,0.00043432,0,PRO,other,False
581,1,4.405314999999998,-0.00430786,-0.07633189000000007,-0.00065943,0.00030097999999999995,0,ARG,other,False
582,1,0.1993360000000024,0.00090449,-0.09043804,-0.0010796599999999999,7.12e-05,0,VAL,other,False
583,1,0.7076409999999989,-0.00032814,-0.07572741000000005,-0.00029120000000000003,0.00012195000000000001,0,LEU,other,False
584,1,-1.700997000000001,0.004042830000000001,-0.08345140999999995,-0.00052383,4.4750000000000085e-05,0,PRO,other,False
585,0,-6.807309,0.03759281,-0.07332926000000006,-0.00043347000000000004,-0.0001851400000000001,0,LYS,other,False
586,0,-1.282391999999998,-0.00802255,-0.09423181000000003,-0.00096298,7.15100000000001e-05,0,LYS,other,False
587,-4,-12.016610999999997,-0.00351275,-0.08198819000000002,-0.00123854,-0.0005218899999999999,0,LEU,other,False
588,-5,-20.431893000000002,-0.0244673,-0.11942417,-0.00148134,-0.0008033399999999998,0,GLN,other,False
589,-2,-7.461793999999998,-0.02332302,-0.08000032999999995,-0.0023807200000000002,-0.00023960000000000019,0,ASN,other,False
590,-1,-17.73754,-0.0023811,-0.08663031999999998,-0.0017805,-0.0006189099999999999,0,TRP,other,False
591,0,-15.023257000000001,0.03777792,-0.13546038,-0.00082613,-0.00054561,0,ASN,other,False
592,0,-0.12956799999999902,0.05023453,-0.06860034000000004,-0.0013729100000000002,6.824999999999995e-05,0,PHE,other,False
593,0,1.6478399999999986,-0.00413958,-0.07534489999999999,-0.00058583,0.00012359999999999997,0,LEU,other,False
594,-3,-2.2624589999999998,-0.02320944,-0.06455412999999999,-0.00111552,-0.00010513000000000015,0,PRO,other,False
595,0,0.2159469999999999,0.0155613,-0.06216990999999994,-0.00036138,3.0550000000000065e-05,0,LEU,other,False
596,-1,-1.0963459999999987,-0.011413310000000003,-0.051946049999999966,-0.00030515,-3.4599999999999974e-05,0,TRP,other,False
597,-1,-16.661128999999995,0.0017248300000000001,-0.07653753000000008,-0.00252839,-0.0005748099999999998,0,MET,other,False
598,-1,0.7574749999999995,-0.00599482,-0.040158939999999976,-0.00027482,-2.4880000000000128e-05,0,ARG,other,False
599,-1,-4.186046000000005,-0.09781451999999999,-0.017969780000000046,0.0004484900000000002,-0.00027063,0,SER,other,False
600,-4,-2.747509000000001,-0.10586230999999999,-0.034318639999999956,6.749000000000013e-05,-0.0002399199999999998,0,LEU,other,False
601,-1,6.2259129999999985,-0.0020866200000000004,-0.013753829999999967,0.00020472999999999997,0.00013827000000000002,0,LYS,other,False
602,0,-3.099668000000001,0.01864496,-0.0247421000000001,0.00042756,-0.00025166999999999985,0,PRO,other,False
603,-1,0.10963300000000231,0.0013335900000000008,-0.022627509999999962,0.00134571,-0.00018774000000000004,0,TRP,other,False
604,-1,2.551493999999998,0.0005511000000000001,-0.01767393000000006,0.00019718000000000003,-1.7599999999999994e-05,0,ASP,other,False
605,0,1.9169429999999963,0.0010306900000000001,-0.02195530000000001,0.00024319,-3.839999999999963e-06,0,ALA,other,False
606,0,-1.820598000000004,0.13986664000000001,-0.02460777000000003,0.00022793,-0.00012244000000000014,0,VAL,other,False
607,-3,-2.7475080000000034,0.09648514,-0.022499579999999963,0.00012848000000000004,-0.00018241000000000004,0,VAL,other,False
608,0,0.4617939999999976,0.12006478000000001,-0.015245089999999961,6.593000000000001e-05,-3.0489999999999988e-05,0,SER,other,False
609,0,0.8272419999999983,0.00542689,-0.020178580000000057,5.4830000000000015e-05,8.039999999999957e-06,0,LYS,other,False
610,0,-3.508305,1.2619999999999998e-05,-0.022411669999999995,3.273000000000002e-05,-0.00011691999999999996,0,PHE,other,False
611,0,-2.1495019999999982,0.00258303,-0.012848020000000016,5.780000000000002e-06,-5.853e-05,0,THR,other,False
612,0,1.4053159999999991,-0.00010097,-0.01019407,1.4910000000000005e-05,7.758000000000005e-05,0,GLY,other,False
613,0,-4.056479000000003,0.0053890299999999995,-0.018823510000000043,-5.369999999999998e-06,-8.848999999999988e-05,0,CYS,other,False
614,1,-4.488372000000005,0.00517028,-0.02559372999999998,-1.4100000000000004e-05,-9.825999999999997e-05,0,PHE,other,False
615,-1,-2.003321999999997,0.00763552,-0.002481679999999986,-3.7900000000000027e-06,-7.709999999999965e-06,0,GLN,other,False
616,0,-8.730897000000006,0.00848531,-0.024874449999999992,-1.6630000000000002e-05,-0.00022104000000000004,0,MET,other,False
617,0,-1.1760810000000035,0.00562462,-0.02368595999999995,-9.079999999999998e-06,3.0990000000000054e-05,0,ARG,other,False
618,0,-0.4219279999999941,-0.0029784800000000004,-0.01189213,-1.2910000000000003e-05,9.353000000000009e-05,0,CYS,other,False
619,0,-3.0066440000000014,-0.00055952,-0.02209430000000001,-7.76e-06,-2.7700000000000077e-05,0,CYS,other,False
620,0,-1.275747999999993,-0.00013882,-0.02390401999999997,-8.17e-06,3.6090000000000124e-05,0,CYS,other,False
621,-1,4.564784000000003,-0.0061841299999999995,-0.022519619999999962,-6.780000000000001e-06,0.00026378999999999986,0,CYS,other,False
622,1,-3.9634560000000008,-0.05676363999999999,-0.012766690000000025,-9.709999999999999e-06,1.759999999999956e-06,0,CYS,other,False
623,-1,-7.511628000000002,-0.043793780000000004,-0.02348399999999995,-4.99e-06,-0.00021849,0,ARG,other,False
624,-3,-16.677741,-0.04393682,-0.018570839999999977,-4.8299999999999995e-06,-0.00056543,0,VAL,other,False
625,-1,-8.960132999999999,-2.9449999999999876e-05,-0.021181320000000003,-5.079999999999999e-06,-0.0002770400000000001,0,CYS,other,False
626,0,0.30564700000000045,-7.572e-05,-0.023067969999999993,-3.82e-06,1.5719999999999883e-05,1,CYS,other,False
627,-3,-13.687708,-0.0029532399999999998,-0.034708569999999994,-3.1600000000000002e-06,-0.00051453,1,ARG,other,False
628,-4,-5.109634,-0.022654129999999998,-0.019826310000000014,-2.53e-06,-0.0002622499999999999,1,ALA,other,False
629,2,17.069767000000006,9.676000000000129e-05,-0.01703678999999997,-1.1499999999999998e-06,0.0005710200000000002,1,CYS,other,False
630,1,14.315615000000001,0.0028691,-0.013112750000000006,-9.5e-07,0.0005349,1,CYS,other,False
631,0,5.146179,8.42e-06,-0.01412680999999999,-6.900000000000001e-07,0.00016102,1,LEU,other,False
632,-2,-2.863787000000002,-9.675e-05,-0.015859979999999996,-4.900000000000001e-07,-0.00033419000000000005,1,LEU,other,False
633,1,9.717608000000002,-0.00286069,0.03437302999999997,2e-07,0.00029462,2,CYS,other,False
634,2,14.458472,-8.41e-06,0.011634189999999989,5.2e-07,0.0003688900000000002,2,ASP,other,False
635,0,3.079735000000001,0.00852317,0.040399609999999975,1.29e-06,-6.522000000000006e-05,1,CYS,other,False
636,0,8.531561,0.02504786,0.03243182,1.25e-06,0.00017137,1,PRO,other,False
637,1,-0.7375420000000013,8.414e-05,-0.01906821000000003,-1.2200000000000002e-06,-4.1289999999999816e-05,1,LYS,other,False
638,5,14.059802000000001,0.02271724,0.009344450000000004,3.5e-06,0.00044070000000000003,1,CYS,other,False
639,2,-6.4352160000000005,4.6280000000000106e-05,-0.028935490000000008,-4.799999999999996e-07,-0.00020337000000000013,1,CYS,other,False
640,-1,3.890366,-0.036827160000000005,0.01821944999999997,8.58e-06,0.00011077999999999999,0,ARG,other,False
641,3,3.4352169999999944,7.993e-05,-0.01056741,5.699999999999996e-07,0.00017358,0,CYS,other,False
642,0,-20.0598,0.06118086999999999,-0.017547819999999992,-2.1200000000000005e-06,-0.0006835799999999999,0,SER,other,False
643,0,-1.8936880000000045,-0.00295324,0.005929389999999979,3.87e-06,-3.749999999999847e-06,0,LYS,other,False
644,-1,-5.385380000000005,-0.00020193,-0.01812248999999999,-1.2699999999999997e-06,-2.429999999999967e-05,0,CYS,other,False
645,0,-12.013289,0.02776551,-0.0214337,-4.710000000000001e-06,-0.00030228000000000004,0,CYS,other,False
646,0,-0.13953599999999966,0.0608317,-0.003003099999999981,-2.3499999999999995e-06,0.00010869999999999999,0,GLU,other,False
647,-1,-2.870432000000001,0.05981785,-0.030716120000000013,-8.429999999999999e-06,0.00015649999999999996,0,ASP,other,False
648,-2,-3.717609000000003,-0.06710839,-0.051670179999999954,-9.79e-06,6.982999999999989e-05,0,LEU,other,False
649,0,0.36544900000000524,-0.00396289,-0.03313195999999996,-6.359999999999999e-06,0.00015259999999999991,0,GLU,other,False
650,1,8.445183,-4.6280000000000106e-05,-0.02559378000000001,-3.89e-06,0.0005509200000000001,0,GLU,other,False
651,-2,-11.076412000000001,0.01644896,-0.059724200000000005,-2.4380000000000004e-05,-0.00015663000000000005,0,ALA,other,False
652,1,8.817276000000001,0.08109632,-0.018453969999999986,-8.170000000000001e-06,0.00044908999999999997,0,GLN,other,False
653,3,10.41196,0.01662565,-0.016285490000000014,-2.72e-06,0.0004693900000000001,1,GLU,other,False
654,-6,1.8106310000000008,-0.09991375999999999,-0.07152796,-9.638e-05,9.862e-05,-2,GLY,other,False
655,0,2.976745000000001,0.019288609999999998,0.01096607999999999,-1.478e-05,7.779999999999994e-05,-1,GLN,other,False
656,-1,-1.425249,0.01973875,-0.05286576999999998,-6.44e-06,-0.00017237999999999997,-1,ASP,other,False
657,-2,-1.3521589999999986,0.015733789999999997,-0.028706989999999988,-3.391e-05,-0.0001377599999999998,-1,VAL,other,False
658,0,-1.5016610000000004,-0.011594199999999999,-0.05841109,-1.191e-05,-0.00016868999999999999,-1,PRO,other,False
659,2,1.3355479999999993,-0.00222545,-0.03189251999999998,-4.39e-06,5.367999999999996e-05,0,VAL,other,False
660,5,2.9700999999999986,0.00078669,-0.10293674999999997,-7.74e-06,0.00022349000000000002,1,LYS,other,False
661,1,2.511628,-0.00096338,-0.04640093000000001,-4.77e-06,0.00011485000000000011,1,ALA,other,False
662,-2,-2.3521599999999996,-0.01627648,-0.17261179999999998,-0.00011513,-0.00015539999999999987,0,PRO,other,False
663,2,15.38206,-0.0077154499999999996,-0.06630934,-2.079e-05,0.0012078000000000002,0,GLU,other,False
664,-1,-1.7807309999999994,0.0028733100000000004,-0.14648231,-3.924e-05,-0.0002015700000000001,0,THR,other,False
665,0,8.631229999999999,-1.262e-05,-0.13669595,-2.48e-06,0.0005992200000000001,0,PHE,other,False
666,1,7.043189999999999,0.00074883,-0.08052558000000001,-1.244e-05,0.0006094699999999999,0,ASP,other,False
667,2,2.940200000000001,0.00296587,-0.17936108999999997,-9.55e-06,0.0001284299999999999,0,ASN,other,False
668,3,1.405316000000001,0.01233041,-0.09601466,-4.73e-06,0.00014286000000000008,0,ILE,other,False
669,-1,1.6478400000000004,0.00461075,-0.23638710999999998,-3.82e-05,0.00023598999999999994,0,THR,other,False
670,0,0.5016619999999996,0.02770661,-0.15163052000000002,-1.514e-05,0.00012808999999999997,-1,ILE,other,False
671,-1,-0.20598000000000027,0.006756270000000001,-0.26064284,-0.00016226,0.00038345999999999996,0,SER,other,False
672,-4,2.0298999999999996,-0.02181485,-0.17728765999999999,-7.876e-05,0.00040121000000000015,-1,ARG,other,False
673,-2,-1.534884,-0.0018173699999999996,-0.22211728000000003,-4.725e-05,-3.990000000000157e-06,-1,GLU,other,False
674,-4,-0.44186000000000014,-0.13950906000000002,-0.21664165,-0.00010791,0.00018789000000000002,-1,ALA,other,False
675,0,-0.9634549999999997,-0.13148651,-0.15171539,-4.76e-06,8.720000000000038e-06,0,GLN,other,False
676,1,-1.0598010000000002,-0.11039313,-0.13099350999999998,-4.6e-06,6.217000000000006e-05,0,GLY,other,False
677,-1,0.17275700000000072,-0.08986349000000002,-0.08160209000000002,-3.2e-07,0.00017845999999999986,-1,GLU,other,False
678,-5,-8.348837,0.00015987000000000003,-0.08480467000000003,-3.6e-07,-0.0006442500000000001,-1,VAL,other,False
679,-5,-4.152824000000001,-0.040819499999999995,-0.03327074999999996,8e-08,-0.00024802000000000005,-1,PRO,other,False
680,-4,-3.976744,0.007753309999999999,-0.026792740000000037,6e-08,-0.00017230000000000001,-1,ALA,other,False
681,-2,-1.5581399999999999,0.0246482,-0.001228449999999992,1.5399999999999999e-06,-8.187000000000016e-05,-1,SER,other,False
682,-3,-0.5548169999999999,0.00026924,-0.03618546,8e-07,-5.568000000000001e-05,-1,ASP,other,False
683,-1,-0.18936899999999923,-0.01088745,-0.04310185,-4.8e-07,-1.8079999999999962e-05,-1,SER,other,False
684,1,2.003322,0.02214089,-0.04383921000000002,-2.1899999999999998e-06,0.00010505000000000009,0,LYS,other,False
685,2,8.279069,-0.03265812,-0.04747947999999996,-8.850000000000002e-06,0.00045721,0,THR,other,False
686,-1,2.8803990000000006,-0.04383585,-0.06754146999999999,-7.239e-05,0.00011147000000000002,0,GLU,other,False
687,3,-0.2923589999999976,0.00173324,-0.11769158999999996,-0.00029351999999999997,2.5690000000000088e-05,1,CYS,other,False
688,1,7.2093029999999985,0.00019772000000000002,-0.06754917999999993,-0.00014327,0.00039674,0,THR,other,False
689,-1,-14.182723999999999,-0.0008792400000000001,-0.13129246,-0.00101705,-0.00069189,0,ALA,other,False
690,0,0.0,0.0,0.0,0.0,0.0,0,LEU,other,False
