resid,community
0,15
1,15
2,15
3,15
4,15
5,15
6,15
7,15
8,15
9,15
10,15
11,15
12,15
13,15
14,15
15,15
16,15
17,15
18,15
19,15
20,15
21,15
22,15
23,15
24,15
25,15
26,15
27,15
28,15
29,15
30,15
31,15
32,15
33,15
34,15
35,15
36,15
37,15
38,15
39,15
40,15
41,15
42,15
43,15
44,15
45,15
46,15
47,15
48,15
49,15
50,15
51,15
52,15
53,15
54,15
55,15
56,15
57,15
58,15
59,15
60,15
61,15
62,15
63,15
64,15
65,15
66,3
67,3
68,3
69,3
70,3
71,8
72,3
73,8
74,8
75,8
76,0
77,0
78,0
79,0
80,0
81,0
82,0
83,0
84,0
85,0
86,0
87,0
88,0
89,0
90,0
91,0
92,0
93,0
94,0
95,0
96,0
97,0
98,1
99,0
100,1
101,1
102,1
103,1
104,1
105,1
106,1
107,1
108,1
109,1
110,1
111,1
112,1
113,1
114,1
115,1
116,1
117,1
118,1
119,1
120,1
121,1
122,1
123,1
124,1
125,1
126,5
127,5
128,5
129,5
130,5
131,5
132,5
133,5
134,5
135,5
136,2
137,5
138,2
139,2
140,2
141,2
142,2
143,2
144,2
145,2
146,2
147,2
148,2
149,2
150,2
151,2
152,2
153,2
154,2
155,2
156,2
157,2
158,2
159,2
160,2
161,2
162,2
163,2
164,2
165,2
166,2
167,2
168,2
169,2
170,2
171,2
172,2
173,2
174,2
175,2
176,2
177,2
178,2
179,2
180,2
181,2
182,2
183,2
184,2
185,2
186,2
187,2
188,2
189,2
190,2
191,2
192,3
193,2
194,3
195,3
196,3
197,3
198,3
199,3
200,3
201,3
202,3
203,3
204,3
205,3
206,3
207,3
208,3
209,3
210,3
211,3
212,3
213,3
214,3
215,3
216,3
217,3
218,3
219,3
220,3
221,3
222,3
223,3
224,9
225,9
226,9
227,9
228,9
229,9
230,9
231,9
232,9
233,9
234,9
235,9
236,9
237,9
238,9
239,9
240,9
241,9
242,9
243,9
244,9
245,9
246,9
247,9
248,9
249,9
250,9
251,9
252,9
253,9
254,9
255,9
256,9
257,9
258,9
259,9
260,9
261,4
262,4
263,4
264,4
265,4
266,4
267,4
268,4
269,4
270,4
271,4
272,4
273,4
274,4
275,4
276,4
277,1
278,5
279,5
280,5
281,5
282,5
283,5
284,5
285,5
286,5
287,5
288,5
289,5
290,5
291,5
292,5
293,5
294,5
295,5
296,1
297,5
298,1
299,4
300,4
301,4
302,4
303,4
304,4
305,6
306,6
307,6
308,6
309,6
310,6
311,6
312,6
313,6
314,6
315,6
316,6
317,6
318,6
319,6
320,6
321,6
322,6
323,6
324,6
325,6
326,6
327,6
328,6
329,6
330,6
331,6
332,6
333,6
334,6
335,6
336,6
337,6
338,6
339,6
340,6
341,6
342,6
343,6
344,6
345,4
346,4
347,4
348,4
349,4
350,4
351,4
352,4
353,1
354,4
355,1
356,1
357,1
358,1
359,1
360,1
361,1
362,1
363,1
364,1
365,1
366,1
367,1
368,1
369,1
370,1
371,1
372,1
373,1
374,1
375,1
376,1
377,1
378,1
379,1
380,1
381,1
382,1
383,1
384,1
385,1
386,1
387,1
388,1
389,1
390,1
391,1
392,1
393,0
394,8
395,8
396,8
397,8
398,8
399,8
400,8
401,8
402,8
403,8
404,8
405,7
406,7
407,7
408,7
409,7
410,7
411,7
412,7
413,7
414,7
415,7
416,7
417,7
418,7
419,7
420,7
421,7
422,7
423,7
424,7
425,7
426,7
427,7
428,7
429,7
430,7
431,3
432,7
433,3
434,3
435,7
436,3
437,3
438,3
439,3
440,3
441,3
442,3
443,3
444,3
445,3
446,8
447,8
448,8
449,8
450,8
451,8
452,8
453,8
454,8
455,8
456,8
457,8
458,8
459,7
460,7
461,7
462,7
463,7
464,7
465,7
466,7
467,7
468,7
469,7
470,7
471,7
472,7
473,7
474,7
475,7
476,9
477,9
478,9
479,9
480,9
481,9
482,9
483,9
484,9
485,9
486,9
487,9
488,9
489,9
490,9
491,9
492,9
493,9
494,9
495,9
496,9
497,9
498,9
499,9
500,9
501,9
502,9
503,9
504,9
505,9
506,9
507,9
508,9
509,9
510,3
511,3
512,9
513,3
514,3
515,3
516,12
517,3
518,12
519,12
520,12
521,12
522,3
523,3
524,12
525,3
526,12
527,10
528,3
529,10
530,10
531,3
532,10
533,10
534,10
535,10
536,10
537,10
538,10
539,10
540,10
541,10
542,10
543,10
544,10
545,10
546,10
547,10
548,10
549,10
550,11
551,11
552,11
553,11
554,11
555,11
556,11
557,11
558,11
559,11
560,11
561,11
562,11
563,11
564,11
565,11
566,11
567,11
568,11
569,11
570,11
571,11
572,11
573,11
574,11
575,11
576,11
577,9
578,11
579,11
580,11
581,11
582,11
583,11
584,11
585,11
586,11
587,11
588,11
589,11
590,11
591,11
592,11
593,11
594,11
595,11
596,11
597,11
598,11
599,12
600,12
601,12
602,12
603,12
604,12
605,12
606,12
607,12
608,12
609,12
610,12
611,12
612,12
613,12
614,12
615,12
616,12
617,12
618,12
619,12
620,12
621,12
622,12
623,12
624,12
625,12
626,12
627,12
628,12
629,12
630,12
631,12
632,12
633,12
634,12
635,12
636,12
637,12
638,12
639,12
640,12
641,12
642,12
643,12
644,12
645,12
646,12
647,12
648,12
649,12
650,12
651,12
652,12
653,12
654,12
655,13
656,13
657,13
658,13
659,13
660,13
661,13
662,13
663,13
664,13
665,13
666,13
667,13
668,13
669,13
670,13
671,13
672,13
673,13
674,13
675,13
676,15
677,15
678,15
679,15
680,15
681,15
682,15
683,15
684,15
685,15
686,11
687,11
688,11
689,11
690,14
